car_type,hour,day_of_week,multiplier
XE_MAY,0,5,0.581
SUV,7,1,1.284
SEDAN,23,0,0.913
XE_MAY,18,3,0.503
XE_MAY,0,0,0.441
SEDAN,7,4,0.979
XE_MAY,17,1,0.584
PICKUP,7,3,1.431
SUV,0,6,1.471
SEDAN,22,3,0.911
SUV,8,1,1.457
SEDAN,10,0,1.234
XE_MAY,12,0,0.51
SUV,11,4,1.228
SUV,1,5,1.435
PICKUP,17,0,1.648
PICKUP,2,4,1.245
SUV,20,4,1.252
SUV,18,1,1.245
XE_MAY,1,5,0.578
SEDAN,9,0,1.208
SEDAN,3,3,0.881
SUV,14,5,1.605
SUV,5,2,1.116
SUV,6,5,1.459
SUV,22,5,1.488
XE_MAY,19,5,0.638
SEDAN,17,5,1.561
SEDAN,5,3,0.905
PICKUP,8,5,2.125
SEDAN,21,2,0.906
XE_MAY,7,6,0.637
XE_MAY,10,3,0.584
SUV,2,1,1.155
SUV,6,5,1.503
PICKUP,12,5,1.854
PICKUP,4,2,1.245
SEDAN,7,5,1.269
SUV,23,4,1.137
PICKUP,18,3,1.395
SUV,7,1,1.222
PICKUP,2,6,1.638
XE_MAY,3,1,0.437
SEDAN,21,3,0.922
XE_MAY,12,3,0.493
PICKUP,16,2,1.696
XE_MAY,21,5,0.578
XE_MAY,21,4,0.451
SUV,20,2,1.254
XE_MAY,9,3,0.589
SEDAN,14,0,1.028
SUV,16,6,1.982
SEDAN,16,0,1.232
SUV,20,4,1.28
SEDAN,4,2,0.905
SEDAN,17,6,1.599
XE_MAY,19,2,0.488
PICKUP,0,0,1.237
SUV,9,1,1.459
XE_MAY,7,4,0.495
XE_MAY,2,5,0.581
PICKUP,2,6,1.616
SEDAN,4,5,1.193
PICKUP,17,1,1.666
SUV,16,6,1.924
PICKUP,6,4,1.263
SEDAN,22,2,0.881
PICKUP,21,5,1.668
SUV,14,4,1.218
PICKUP,3,1,1.297
SEDAN,2,2,0.915
XE_MAY,18,4,0.491
SEDAN,18,1,0.97
XE_MAY,2,5,0.596
XE_MAY,7,0,0.506
XE_MAY,10,0,0.608
SEDAN,8,5,1.585
PICKUP,6,4,1.228
SEDAN,23,4,0.892
PICKUP,7,6,1.778
PICKUP,13,1,1.431
XE_MAY,3,5,0.589
PICKUP,11,3,1.386
PICKUP,14,6,1.772
XE_MAY,21,5,0.578
XE_MAY,1,3,0.445
SUV,3,1,1.14
SEDAN,6,4,0.907
PICKUP,4,3,1.289
SEDAN,8,3,1.198
SEDAN,2,3,0.879
XE_MAY,1,5,0.592
XE_MAY,2,6,0.594
SEDAN,5,3,0.903
PICKUP,15,1,1.707
PICKUP,1,1,1.26
PICKUP,0,3,1.262
SUV,14,2,1.245
PICKUP,22,5,1.591
PICKUP,4,1,1.23
SUV,6,0,1.093
XE_MAY,23,2,0.454
XE_MAY,1,4,0.445
PICKUP,16,6,2.185
SEDAN,1,4,0.922
XE_MAY,5,0,0.443
XE_MAY,21,6,0.582
SEDAN,12,0,1.015
SEDAN,18,4,0.984
XE_MAY,19,0,0.487
PICKUP,21,4,1.244
SUV,8,1,1.47
SUV,7,2,1.282
PICKUP,4,5,1.668
SUV,14,2,1.26
XE_MAY,0,3,0.46
XE_MAY,2,4,0.458
SEDAN,16,2,1.177
SEDAN,11,0,1.024
SEDAN,11,2,1.002
SEDAN,14,6,1.324
SUV,19,6,1.664
XE_MAY,21,6,0.579
SUV,21,0,1.099
SEDAN,8,0,1.18
XE_MAY,23,4,0.448
SEDAN,8,2,1.223
SEDAN,22,2,0.919
SEDAN,21,5,1.135
SUV,16,3,1.501
SUV,1,0,1.119
PICKUP,8,0,1.652
XE_MAY,10,6,0.762
SEDAN,20,2,0.99
SEDAN,23,3,0.924
PICKUP,17,0,1.662
XE_MAY,2,5,0.586
SEDAN,17,0,1.215
SUV,18,4,1.24
SEDAN,13,1,1.028
XE_MAY,9,2,0.617
XE_MAY,11,1,0.493
SEDAN,21,0,0.9
SUV,17,6,1.927
PICKUP,19,5,1.797
SEDAN,7,6,1.264
SEDAN,5,3,0.906
XE_MAY,5,5,0.585
SUV,13,6,1.581
SEDAN,8,1,1.184
XE_MAY,12,6,0.666
XE_MAY,15,1,0.591
SEDAN,14,2,0.979
SUV,7,1,1.249
XE_MAY,21,1,0.463
PICKUP,10,2,1.654
XE_MAY,8,2,0.606
PICKUP,21,6,1.664
SUV,0,0,1.107
SUV,5,4,1.14
SUV,1,0,1.116
PICKUP,11,5,1.834
SUV,13,4,1.26
XE_MAY,12,4,0.501
SEDAN,8,0,1.171
PICKUP,0,4,1.285
SEDAN,11,3,0.989
XE_MAY,21,2,0.442
SUV,21,6,1.422
XE_MAY,23,2,0.452
SUV,21,3,1.137
SUV,12,5,1.578
SUV,17,1,1.501
SEDAN,13,5,1.279
PICKUP,21,5,1.652
SEDAN,19,4,0.98
SUV,12,4,1.264
XE_MAY,9,2,0.596
SEDAN,13,6,1.334
SUV,14,3,1.223
PICKUP,21,1,1.248
PICKUP,23,1,1.231
XE_MAY,9,4,0.615
SUV,2,6,1.496
SEDAN,21,2,0.887
SEDAN,6,1,0.909
XE_MAY,1,1,0.459
PICKUP,19,6,1.826
XE_MAY,14,3,0.501
SEDAN,22,5,1.152
PICKUP,15,3,1.639
SEDAN,4,5,1.198
XE_MAY,3,6,0.599
PICKUP,7,1,1.411
PICKUP,1,4,1.248
SEDAN,3,3,0.892
SEDAN,14,5,1.318
SUV,14,4,1.28
PICKUP,17,3,1.719
SEDAN,23,6,1.19
PICKUP,14,2,1.412
SEDAN,20,2,0.975
PICKUP,20,1,1.372
SUV,14,0,1.28
SUV,7,2,1.258
SUV,10,4,1.456
XE_MAY,4,1,0.439
SEDAN,12,5,1.313
SEDAN,22,1,0.873
XE_MAY,13,3,0.49
SUV,17,3,1.504
PICKUP,1,1,1.275
PICKUP,12,6,1.837
XE_MAY,18,3,0.492
PICKUP,0,2,1.276
SUV,12,6,1.599
PICKUP,17,5,2.161
SEDAN,15,1,1.218
SUV,13,3,1.261
XE_MAY,12,2,0.51
PICKUP,23,1,1.272
PICKUP,4,4,1.265
XE_MAY,12,4,0.488
XE_MAY,2,5,0.58
PICKUP,4,6,1.615
PICKUP,5,0,1.241
SUV,12,2,1.285
SEDAN,14,2,0.994
SUV,12,2,1.279
PICKUP,8,6,2.201
XE_MAY,15,0,0.611
XE_MAY,11,1,0.5
XE_MAY,20,0,0.502
XE_MAY,7,1,0.5
XE_MAY,19,1,0.491
SEDAN,4,3,0.912
XE_MAY,18,1,0.493
PICKUP,22,2,1.224
SUV,5,4,1.135
XE_MAY,5,2,0.441
XE_MAY,18,0,0.513
SUV,18,5,1.669
PICKUP,12,5,1.865
SEDAN,2,4,0.893
SEDAN,3,5,1.136
SUV,21,4,1.154
XE_MAY,18,6,0.647
XE_MAY,11,4,0.514
PICKUP,21,2,1.295
XE_MAY,16,5,0.797
SUV,0,6,1.444
PICKUP,15,0,1.668
PICKUP,11,5,1.858
PICKUP,22,1,1.246
PICKUP,5,5,1.606
SUV,19,6,1.631
PICKUP,14,3,1.437
SUV,10,6,1.973
SEDAN,2,2,0.904
PICKUP,7,6,1.776
PICKUP,18,4,1.41
PICKUP,10,0,1.729
PICKUP,10,1,1.644
PICKUP,6,2,1.261
SUV,10,2,1.534
SUV,17,0,1.522
SEDAN,2,1,0.911
PICKUP,15,4,1.7
SEDAN,22,3,0.892
PICKUP,14,6,1.797
XE_MAY,2,2,0.458
SEDAN,12,5,1.324
SEDAN,9,5,1.594
SUV,15,4,1.537
SUV,13,5,1.626
SUV,11,5,1.625
PICKUP,8,2,1.71
SUV,7,0,1.261
SEDAN,10,0,1.215
SEDAN,6,1,0.916
PICKUP,8,5,2.235
SUV,3,6,1.448
SEDAN,9,1,1.191
SUV,5,2,1.098
XE_MAY,22,4,0.452
SEDAN,8,0,1.167
XE_MAY,17,2,0.599
SEDAN,20,6,1.303
PICKUP,3,6,1.617
XE_MAY,18,2,0.503
PICKUP,15,3,1.633
SUV,5,0,1.094
SUV,15,0,1.529
XE_MAY,12,3,0.496
XE_MAY,18,5,0.635
XE_MAY,4,1,0.451
SUV,2,1,1.143
XE_MAY,17,6,0.767
PICKUP,19,4,1.41
SEDAN,16,3,1.17
PICKUP,14,2,1.362
PICKUP,9,4,1.683
XE_MAY,19,5,0.652
XE_MAY,6,5,0.59
SEDAN,8,5,1.581
XE_MAY,5,1,0.463
SEDAN,17,0,1.201
SEDAN,0,3,0.89
PICKUP,22,4,1.282
PICKUP,9,0,1.657
SEDAN,9,5,1.554
SUV,22,6,1.426
PICKUP,2,5,1.591
SEDAN,8,6,1.603
SEDAN,13,0,1.02
SEDAN,20,1,1.012
SUV,4,0,1.119
XE_MAY,5,6,0.574
SUV,19,5,1.592
SUV,14,0,1.231
PICKUP,22,2,1.264
PICKUP,8,4,1.702
PICKUP,14,0,1.413
XE_MAY,13,5,0.641
SUV,19,2,1.284
XE_MAY,2,1,0.456
XE_MAY,21,6,0.587
SUV,18,0,1.258
SEDAN,15,4,1.194
PICKUP,8,1,1.655
PICKUP,20,6,1.804
PICKUP,2,3,1.279
SUV,13,2,1.214
SUV,21,0,1.099
SEDAN,10,3,1.167
PICKUP,9,5,2.124
PICKUP,17,0,1.716
PICKUP,2,2,1.275
SUV,10,0,1.498
PICKUP,16,6,2.131
XE_MAY,21,6,0.585
PICKUP,13,0,1.398
SEDAN,16,2,1.176
PICKUP,20,3,1.394
XE_MAY,6,2,0.447
SEDAN,9,3,1.208
PICKUP,3,0,1.27
SEDAN,22,1,0.875
SUV,17,0,1.489
PICKUP,2,1,1.27
XE_MAY,14,0,0.5
SEDAN,15,5,1.593
SUV,16,5,1.969
SUV,13,6,1.592
PICKUP,15,1,1.637
PICKUP,17,1,1.694
PICKUP,6,4,1.224
SEDAN,2,2,0.905
PICKUP,10,6,2.242
SUV,0,2,1.13
SUV,18,4,1.242
PICKUP,4,3,1.271
PICKUP,11,2,1.396
PICKUP,14,2,1.404
SEDAN,22,1,0.924
PICKUP,7,6,1.808
PICKUP,1,2,1.295
PICKUP,22,6,1.678
PICKUP,12,5,1.787
SEDAN,15,0,1.169
SEDAN,16,4,1.171
SUV,3,6,1.42
PICKUP,3,4,1.229
PICKUP,0,5,1.656
SEDAN,13,6,1.267
SEDAN,2,3,0.89
SUV,10,4,1.531
PICKUP,20,0,1.36
SUV,21,6,1.49
PICKUP,10,5,2.155
PICKUP,17,0,1.642
XE_MAY,7,5,0.658
SUV,7,5,1.638
XE_MAY,13,0,0.511
XE_MAY,14,1,0.507
SUV,0,0,1.145
SUV,1,2,1.11
SUV,11,3,1.226
SEDAN,7,4,1.015
PICKUP,18,5,1.854
SEDAN,5,1,0.926
XE_MAY,19,6,0.647
PICKUP,19,5,1.806
SEDAN,15,4,1.22
SEDAN,7,3,0.99
SUV,14,2,1.282
XE_MAY,14,2,0.511
SEDAN,2,3,0.896
SUV,18,2,1.269
PICKUP,22,2,1.279
PICKUP,9,1,1.64
PICKUP,15,0,1.721
SEDAN,12,4,1.0
SUV,18,2,1.274
SUV,0,6,1.447
PICKUP,8,0,1.72
XE_MAY,19,5,0.646
PICKUP,9,6,2.12
SEDAN,19,6,1.332
SUV,7,5,1.585
SEDAN,19,2,0.989
SEDAN,20,0,1.027
XE_MAY,9,6,0.801
PICKUP,1,4,1.266
SUV,23,1,1.134
XE_MAY,9,2,0.598
PICKUP,5,1,1.244
SEDAN,17,2,1.188
SUV,5,2,1.137
PICKUP,9,5,2.217
SUV,3,3,1.145
XE_MAY,4,6,0.595
SEDAN,21,5,1.141
PICKUP,17,2,1.679
XE_MAY,12,0,0.487
SUV,17,0,1.504
PICKUP,11,5,1.814
SUV,18,3,1.279
SUV,3,5,1.449
SEDAN,15,0,1.172
SUV,19,1,1.223
XE_MAY,20,6,0.66
PICKUP,22,2,1.269
PICKUP,3,1,1.23
XE_MAY,1,2,0.439
PICKUP,3,0,1.275
SEDAN,17,1,1.169
PICKUP,14,2,1.427
PICKUP,18,5,1.843
SEDAN,13,5,1.267
XE_MAY,15,4,0.585
PICKUP,8,0,1.729
SUV,6,3,1.117
PICKUP,7,6,1.806
SUV,3,5,1.49
SUV,17,5,2.002
SUV,1,3,1.158
SUV,6,0,1.142
PICKUP,2,5,1.626
SEDAN,20,5,1.268
XE_MAY,1,6,0.595
SUV,7,1,1.254
SEDAN,2,6,1.165
SEDAN,18,1,1.024
SEDAN,10,6,1.524
SEDAN,19,0,1.0
SUV,4,1,1.092
SUV,5,0,1.123
XE_MAY,4,0,0.438
SUV,7,4,1.221
SUV,0,1,1.099
SUV,1,1,1.135
PICKUP,16,0,1.705
XE_MAY,15,3,0.603
SUV,16,4,1.542
XE_MAY,14,4,0.496
SEDAN,19,0,0.987
SUV,14,5,1.661
XE_MAY,1,3,0.443
PICKUP,13,5,1.871
XE_MAY,15,5,0.757
PICKUP,2,0,1.296
SUV,19,1,1.216
XE_MAY,4,2,0.461
SUV,12,4,1.252
SUV,14,4,1.287
PICKUP,3,6,1.596
XE_MAY,20,5,0.652
SEDAN,13,3,1.028
SEDAN,13,2,1.001
PICKUP,12,3,1.411
XE_MAY,10,3,0.607
SUV,21,2,1.122
SUV,4,5,1.474
PICKUP,2,0,1.266
XE_MAY,2,3,0.461
XE_MAY,23,5,0.569
SUV,4,4,1.11
XE_MAY,18,4,0.514
SUV,21,0,1.151
PICKUP,11,6,1.815
PICKUP,23,0,1.269
SUV,19,2,1.233
SUV,3,4,1.104
SEDAN,4,5,1.167
PICKUP,7,6,1.804
XE_MAY,11,6,0.653
SUV,3,6,1.425
SUV,18,1,1.286
PICKUP,17,6,2.248
XE_MAY,19,5,0.658
SUV,0,1,1.127
SUV,22,6,1.446
SUV,10,2,1.528
XE_MAY,5,6,0.591
SEDAN,18,5,1.274
PICKUP,2,1,1.291
XE_MAY,2,5,0.596
SEDAN,12,3,1.027
PICKUP,10,1,1.703
SUV,9,5,1.963
SUV,18,4,1.244
XE_MAY,1,1,0.462
SEDAN,19,0,1.022
XE_MAY,8,3,0.584
PICKUP,15,4,1.632
PICKUP,13,2,1.39
SEDAN,16,0,1.222
SUV,13,0,1.287
SUV,21,5,1.432
PICKUP,16,5,2.196
SUV,1,1,1.117
PICKUP,19,0,1.439
XE_MAY,6,2,0.459
SEDAN,4,6,1.194
SUV,9,2,1.497
XE_MAY,0,3,0.448
PICKUP,5,1,1.243
PICKUP,17,5,2.126
SEDAN,16,4,1.226
SUV,2,3,1.146
XE_MAY,13,0,0.515
PICKUP,2,6,1.687
SUV,18,3,1.254
PICKUP,22,5,1.664
PICKUP,9,0,1.725
PICKUP,0,2,1.286
SEDAN,19,3,0.985
SUV,2,3,1.122
XE_MAY,7,3,0.489
PICKUP,16,0,1.726
PICKUP,9,5,2.198
SUV,7,2,1.23
SEDAN,2,4,0.909
XE_MAY,16,4,0.604
SEDAN,11,2,0.991
SEDAN,7,0,0.977
SEDAN,8,1,1.212
SEDAN,19,1,1.001
XE_MAY,5,6,0.595
PICKUP,14,6,1.822
PICKUP,21,4,1.287
SUV,20,2,1.254
SEDAN,14,0,1.004
PICKUP,14,5,1.861
SUV,8,4,1.491
XE_MAY,11,4,0.489
XE_MAY,9,3,0.583
PICKUP,1,0,1.279
SUV,9,0,1.511
XE_MAY,19,4,0.506
PICKUP,14,4,1.376
XE_MAY,14,6,0.636
SEDAN,10,4,1.165
PICKUP,16,1,1.665
XE_MAY,14,0,0.503
SUV,22,0,1.118
SEDAN,1,1,0.897
PICKUP,14,4,1.434
SEDAN,11,2,0.991
SUV,12,3,1.251
SUV,21,4,1.144
XE_MAY,20,5,0.646
SUV,2,2,1.133
XE_MAY,17,5,0.797
PICKUP,9,2,1.725
SEDAN,10,0,1.175
SEDAN,11,2,1.026
PICKUP,4,4,1.259
XE_MAY,9,4,0.591
PICKUP,20,6,1.816
SUV,4,5,1.505
XE_MAY,20,5,0.65
PICKUP,16,2,1.663
XE_MAY,11,2,0.504
SEDAN,6,2,0.886
PICKUP,6,1,1.228
SEDAN,4,0,0.88
SUV,3,4,1.1
XE_MAY,21,2,0.441
SEDAN,19,3,0.978
SEDAN,5,1,0.908
SEDAN,23,3,0.883
XE_MAY,13,2,0.495
SEDAN,14,4,1.024
SUV,23,6,1.46
PICKUP,7,4,1.414
SEDAN,9,6,1.529
PICKUP,6,2,1.237
PICKUP,14,6,1.77
SUV,12,4,1.225
PICKUP,5,6,1.616
SEDAN,19,1,0.981
SUV,1,5,1.426
PICKUP,11,4,1.368
XE_MAY,22,6,0.584
XE_MAY,9,0,0.589
SEDAN,8,3,1.19
SEDAN,13,0,1.0
SEDAN,14,2,1.011
XE_MAY,13,0,0.486
PICKUP,16,2,1.71
SEDAN,12,0,1.008
SUV,7,0,1.219
SUV,3,6,1.495
SUV,4,1,1.153
XE_MAY,9,6,0.759
PICKUP,22,6,1.616
SEDAN,22,3,0.917
PICKUP,19,0,1.421
XE_MAY,0,2,0.441
SEDAN,4,4,0.884
PICKUP,3,6,1.625
SUV,7,2,1.249
XE_MAY,1,1,0.453
PICKUP,20,6,1.806
PICKUP,2,0,1.257
PICKUP,19,4,1.421
XE_MAY,20,4,0.486
SEDAN,22,1,0.887
SUV,13,0,1.266
SUV,7,4,1.28
PICKUP,5,5,1.639
XE_MAY,16,2,0.601
XE_MAY,16,4,0.586
XE_MAY,12,6,0.648
PICKUP,1,5,1.641
PICKUP,11,2,1.378
XE_MAY,11,6,0.641
XE_MAY,11,1,0.496
XE_MAY,18,5,0.631
SUV,4,0,1.113
SUV,17,2,1.474
SEDAN,21,3,0.891
PICKUP,20,1,1.368
SEDAN,2,5,1.197
PICKUP,1,2,1.267
SEDAN,1,6,1.183
SEDAN,1,2,0.916
SUV,16,3,1.5
PICKUP,8,0,1.638
SEDAN,9,2,1.203
XE_MAY,20,2,0.503
SUV,3,6,1.484
SUV,13,3,1.245
PICKUP,12,2,1.369
SEDAN,15,5,1.54
PICKUP,11,6,1.805
SUV,2,5,1.475
PICKUP,2,3,1.265
SEDAN,17,2,1.19
SUV,3,0,1.158
SUV,21,2,1.132
SUV,14,4,1.23
PICKUP,5,5,1.599
PICKUP,11,3,1.371
XE_MAY,23,6,0.576
SUV,19,3,1.225
SUV,20,6,1.594
XE_MAY,2,5,0.577
PICKUP,11,4,1.373
SEDAN,0,1,0.921
PICKUP,1,1,1.228
XE_MAY,7,6,0.651
SUV,11,3,1.243
XE_MAY,19,1,0.514
PICKUP,11,2,1.367
PICKUP,2,4,1.252
SEDAN,16,2,1.234
PICKUP,10,5,2.232
SUV,7,0,1.274
XE_MAY,23,1,0.443
PICKUP,16,3,1.647
XE_MAY,8,6,0.788
SUV,22,3,1.154
SEDAN,19,2,1.003
PICKUP,6,0,1.265
SEDAN,2,3,0.888
SEDAN,22,3,0.915
XE_MAY,21,6,0.574
SUV,21,2,1.113
XE_MAY,17,4,0.597
SUV,9,6,1.951
SEDAN,22,5,1.152
SEDAN,11,4,0.977
SEDAN,3,1,0.906
SEDAN,7,6,1.284
PICKUP,0,2,1.266
SUV,14,6,1.591
SEDAN,19,0,0.999
XE_MAY,9,3,0.601
PICKUP,16,3,1.635
PICKUP,18,0,1.386
SEDAN,10,5,1.526
XE_MAY,14,3,0.487
SUV,4,6,1.505
SEDAN,4,3,0.89
XE_MAY,3,4,0.458
SEDAN,9,1,1.182
SEDAN,10,5,1.577
SEDAN,11,4,1.016
SUV,2,2,1.131
SEDAN,20,4,0.998
SUV,4,5,1.455
SUV,19,4,1.239
XE_MAY,16,5,0.8
SEDAN,18,4,1.02
SEDAN,5,5,1.203
SUV,18,0,1.222
XE_MAY,2,0,0.456
SUV,20,1,1.283
PICKUP,19,5,1.785
XE_MAY,15,5,0.76
SUV,20,2,1.268
PICKUP,7,6,1.828
PICKUP,9,3,1.714
XE_MAY,22,0,0.44
SEDAN,14,3,1.018
PICKUP,14,1,1.375
SUV,19,1,1.225
SUV,22,2,1.102
SUV,12,1,1.274
SUV,16,4,1.515
XE_MAY,10,1,0.601
PICKUP,3,2,1.249
PICKUP,7,1,1.432
XE_MAY,1,2,0.447
PICKUP,19,3,1.427
SEDAN,5,6,1.166
SUV,18,5,1.613
SUV,6,6,1.459
SEDAN,15,4,1.186
PICKUP,15,2,1.705
PICKUP,0,0,1.26
PICKUP,16,3,1.653
SEDAN,6,4,0.922
SUV,1,0,1.117
SUV,15,4,1.504
PICKUP,9,4,1.721
XE_MAY,3,3,0.453
SEDAN,8,5,1.524
SUV,12,2,1.283
XE_MAY,12,0,0.504
SEDAN,11,4,0.99
SUV,2,3,1.101
PICKUP,17,2,1.71
XE_MAY,4,0,0.453
PICKUP,11,6,1.824
SUV,17,2,1.535
SEDAN,6,4,0.916
PICKUP,16,0,1.645
XE_MAY,1,1,0.445
SUV,15,4,1.477
PICKUP,4,4,1.278
SEDAN,10,4,1.166
SUV,5,3,1.13
SUV,18,2,1.27
PICKUP,22,4,1.288
SUV,15,6,1.932
XE_MAY,11,2,0.51
XE_MAY,13,4,0.488
SUV,23,6,1.493
XE_MAY,19,3,0.489
SUV,20,6,1.615
SEDAN,23,0,0.916
PICKUP,5,4,1.234
PICKUP,4,6,1.611
SEDAN,1,4,0.912
XE_MAY,6,0,0.456
PICKUP,10,3,1.694
SEDAN,13,5,1.315
SEDAN,13,4,1.003
PICKUP,23,5,1.614
XE_MAY,22,1,0.446
SEDAN,17,2,1.177
PICKUP,16,3,1.721
SUV,5,3,1.131
SUV,17,2,1.491
SUV,19,3,1.247
SEDAN,7,2,1.027
SUV,7,2,1.224
SUV,22,1,1.131
PICKUP,10,3,1.681
SUV,17,6,1.963
SUV,9,0,1.457
PICKUP,12,6,1.861
SUV,4,2,1.154
XE_MAY,9,5,0.783
XE_MAY,11,3,0.506
SUV,23,3,1.154
SEDAN,6,6,1.185
SUV,17,5,1.909
SUV,4,0,1.13
SEDAN,7,0,1.006
SEDAN,20,1,0.995
XE_MAY,3,3,0.456
SUV,22,3,1.154
XE_MAY,21,6,0.6
SEDAN,0,4,0.897
SEDAN,13,5,1.27
PICKUP,15,5,2.248
SEDAN,9,2,1.224
SUV,20,0,1.222
XE_MAY,20,4,0.513
SEDAN,17,5,1.595
XE_MAY,5,3,0.451
SEDAN,1,6,1.176
PICKUP,15,1,1.67
SUV,1,0,1.095
SUV,18,4,1.238
XE_MAY,10,2,0.611
PICKUP,20,4,1.358
PICKUP,4,6,1.622
PICKUP,8,1,1.67
XE_MAY,10,1,0.601
PICKUP,20,2,1.435
SEDAN,0,5,1.159
SUV,9,4,1.486
SEDAN,5,4,0.913
PICKUP,13,4,1.396
SUV,2,3,1.106
XE_MAY,5,1,0.449
PICKUP,10,1,1.644
XE_MAY,8,3,0.588
SEDAN,14,6,1.3
SUV,10,2,1.493
XE_MAY,8,5,0.799
SUV,22,1,1.116
XE_MAY,21,0,0.452
PICKUP,9,1,1.693
PICKUP,21,4,1.223
SUV,22,0,1.136
SUV,11,4,1.226
SEDAN,7,1,1.028
PICKUP,4,3,1.233
SUV,13,5,1.617
PICKUP,17,6,2.13
SEDAN,7,5,1.339
XE_MAY,16,3,0.6
SUV,2,4,1.131
XE_MAY,1,6,0.57
SEDAN,18,4,1.015
SEDAN,5,2,0.884
PICKUP,3,5,1.677
SEDAN,22,4,0.884
PICKUP,2,4,1.237
PICKUP,1,3,1.225
SEDAN,16,3,1.198
PICKUP,18,0,1.405
PICKUP,21,6,1.595
SUV,23,0,1.144
PICKUP,8,6,2.178
XE_MAY,23,1,0.451
XE_MAY,1,3,0.448
SUV,22,0,1.118
XE_MAY,2,3,0.452
XE_MAY,9,3,0.588
SEDAN,4,6,1.148
PICKUP,11,3,1.43
PICKUP,12,3,1.437
XE_MAY,21,5,0.581
SEDAN,20,6,1.282
SUV,3,1,1.135
PICKUP,16,1,1.671
SEDAN,0,6,1.137
XE_MAY,9,3,0.588
PICKUP,17,3,1.702
SEDAN,7,3,1.01
SUV,4,2,1.093
SEDAN,23,6,1.15
XE_MAY,1,6,0.576
PICKUP,19,6,1.839
XE_MAY,7,1,0.486
XE_MAY,3,4,0.439
XE_MAY,14,4,0.509
XE_MAY,7,5,0.637
XE_MAY,12,3,0.505
SEDAN,17,1,1.181
XE_MAY,4,4,0.439
SUV,7,6,1.6
SUV,18,4,1.267
SUV,7,2,1.277
SEDAN,21,4,0.918
SEDAN,13,2,0.994
SUV,1,4,1.136
SEDAN,20,5,1.277
PICKUP,17,3,1.659
XE_MAY,11,5,0.665
PICKUP,16,2,1.631
PICKUP,13,1,1.365
SUV,12,1,1.228
PICKUP,7,6,1.768
SEDAN,9,6,1.53
SEDAN,14,0,1.005
PICKUP,13,4,1.393
SEDAN,12,1,1.024
SUV,6,2,1.146
XE_MAY,14,6,0.644
SUV,2,4,1.109
SEDAN,1,2,0.894
PICKUP,21,4,1.267
XE_MAY,2,1,0.444
SEDAN,15,1,1.209
SUV,9,0,1.492
SEDAN,6,5,1.174
XE_MAY,23,6,0.583
PICKUP,7,5,1.798
SEDAN,12,1,1.027
SUV,9,3,1.524
PICKUP,17,5,2.137
SUV,9,2,1.533
SUV,16,3,1.499
PICKUP,3,6,1.677
PICKUP,10,1,1.71
SUV,10,3,1.493
XE_MAY,18,6,0.631
SEDAN,23,1,0.888
XE_MAY,8,4,0.601
PICKUP,9,1,1.693
SEDAN,10,1,1.183
PICKUP,18,6,1.781
SEDAN,15,4,1.224
SUV,8,6,2.007
PICKUP,23,5,1.641
PICKUP,14,1,1.372
SUV,5,1,1.11
PICKUP,5,4,1.224
XE_MAY,16,0,0.615
XE_MAY,21,0,0.44
XE_MAY,13,1,0.502
SEDAN,2,5,1.154
SEDAN,0,1,0.903
PICKUP,11,0,1.413
PICKUP,21,3,1.285
XE_MAY,0,4,0.442
PICKUP,0,0,1.223
SUV,17,2,1.467
XE_MAY,16,6,0.799
PICKUP,5,0,1.288
XE_MAY,16,1,0.604
SEDAN,6,4,0.905
SUV,11,2,1.262
PICKUP,2,2,1.235
PICKUP,14,4,1.435
SEDAN,22,1,0.896
SUV,21,6,1.452
XE_MAY,20,6,0.651
XE_MAY,2,3,0.438
PICKUP,12,4,1.372
PICKUP,1,5,1.661
XE_MAY,22,1,0.439
XE_MAY,15,6,0.785
PICKUP,20,6,1.792
SUV,18,6,1.614
XE_MAY,16,0,0.592
SEDAN,6,6,1.16
PICKUP,8,0,1.702
XE_MAY,21,2,0.445
XE_MAY,5,6,0.587
SUV,0,1,1.123
SEDAN,22,6,1.181
PICKUP,2,2,1.293
SEDAN,18,1,1.014
PICKUP,21,4,1.238
SUV,12,6,1.579
SEDAN,22,5,1.153
XE_MAY,16,5,0.784
SUV,1,0,1.095
PICKUP,7,6,1.82
XE_MAY,10,4,0.603
PICKUP,10,0,1.663
SUV,14,3,1.27
SEDAN,11,4,0.976
PICKUP,13,1,1.364
PICKUP,2,6,1.66
SUV,7,5,1.625
XE_MAY,2,2,0.455
SEDAN,12,5,1.295
SEDAN,23,3,0.886
SUV,11,0,1.274
XE_MAY,0,2,0.458
PICKUP,11,6,1.841
SUV,3,1,1.11
XE_MAY,5,3,0.452
PICKUP,17,4,1.666
PICKUP,3,0,1.229
XE_MAY,11,4,0.513
XE_MAY,19,4,0.489
SUV,12,0,1.284
SUV,13,3,1.246
XE_MAY,23,4,0.441
SEDAN,18,4,1.003
SEDAN,21,3,0.92
SEDAN,4,2,0.913
SUV,8,3,1.528
SEDAN,2,1,0.909
PICKUP,8,3,1.699
SUV,15,6,1.991
XE_MAY,11,2,0.492
SEDAN,23,5,1.169
PICKUP,19,4,1.377
SEDAN,14,0,1.029
SEDAN,9,0,1.232
PICKUP,10,6,2.124
PICKUP,10,3,1.701
SUV,13,6,1.666
SEDAN,9,2,1.177
SEDAN,15,2,1.205
SEDAN,12,2,1.025
SUV,23,5,1.422
PICKUP,18,6,1.842
SEDAN,10,3,1.185
SUV,12,2,1.282
XE_MAY,18,1,0.514
SEDAN,21,6,1.201
XE_MAY,23,3,0.449
SEDAN,14,6,1.328
SUV,22,0,1.148
PICKUP,21,3,1.246
SEDAN,20,2,1.02
SEDAN,8,5,1.517
SEDAN,22,3,0.905
PICKUP,2,3,1.24
PICKUP,18,3,1.368
PICKUP,17,0,1.637
SUV,22,6,1.48
XE_MAY,3,6,0.579
SEDAN,21,5,1.186
SUV,5,5,1.424
XE_MAY,18,5,0.643
PICKUP,10,6,2.189
PICKUP,3,0,1.282
XE_MAY,8,1,0.593
SEDAN,14,2,1.008
PICKUP,14,6,1.862
SEDAN,11,0,1.007
PICKUP,3,2,1.24
PICKUP,2,0,1.224
SEDAN,11,2,1.022
SUV,14,6,1.578
SEDAN,16,3,1.227
SUV,15,0,1.503
PICKUP,23,5,1.681
PICKUP,10,0,1.71
SUV,1,6,1.506
XE_MAY,0,6,0.58
SUV,20,0,1.27
SEDAN,23,1,0.895
SEDAN,17,1,1.199
SUV,17,3,1.511
PICKUP,7,6,1.861
PICKUP,20,1,1.441
SEDAN,20,5,1.321
PICKUP,12,0,1.393
SEDAN,14,4,0.995
PICKUP,12,0,1.42
SEDAN,6,2,0.886
XE_MAY,18,0,0.488
SEDAN,11,2,0.991
SEDAN,14,0,0.987
SUV,21,6,1.445
PICKUP,16,5,2.149
SUV,19,3,1.216
PICKUP,18,0,1.36
SUV,11,6,1.673
PICKUP,19,1,1.394
SUV,19,4,1.241
XE_MAY,21,1,0.455
SUV,3,1,1.106
SUV,3,1,1.155
SUV,22,1,1.144
PICKUP,13,4,1.366
SEDAN,18,3,0.995
PICKUP,5,3,1.289
SEDAN,17,1,1.232
PICKUP,9,1,1.677
SEDAN,10,6,1.571
PICKUP,19,0,1.372
SUV,0,3,1.158
SEDAN,6,6,1.151
PICKUP,17,4,1.725
PICKUP,13,5,1.836
PICKUP,13,5,1.832
PICKUP,15,1,1.681
XE_MAY,18,0,0.492
SEDAN,9,0,1.177
SUV,7,4,1.229
SUV,5,6,1.435
PICKUP,18,5,1.851
PICKUP,17,4,1.665
XE_MAY,18,0,0.487
SUV,17,6,2.005
SUV,17,6,1.995
XE_MAY,23,3,0.462
SEDAN,13,0,1.03
SEDAN,9,6,1.529
XE_MAY,14,2,0.497
SUV,2,3,1.142
XE_MAY,7,1,0.506
SUV,22,4,1.102
PICKUP,5,4,1.284
SEDAN,6,6,1.151
SEDAN,1,4,0.885
SUV,17,2,1.503
SEDAN,10,5,1.569
SUV,9,4,1.507
SUV,16,5,1.902
XE_MAY,4,6,0.598
PICKUP,1,2,1.242
SEDAN,22,6,1.144
SEDAN,7,1,1.023
SUV,7,6,1.669
PICKUP,15,1,1.717
SUV,20,3,1.273
PICKUP,14,0,1.413
XE_MAY,12,4,0.502
SUV,22,2,1.097
PICKUP,15,2,1.671
XE_MAY,23,0,0.447
PICKUP,20,5,1.794
SUV,2,6,1.482
PICKUP,6,3,1.26
SEDAN,15,2,1.17
SUV,9,2,1.475
SEDAN,18,6,1.314
PICKUP,10,5,2.128
XE_MAY,1,0,0.459
PICKUP,0,0,1.26
SEDAN,14,3,0.999
XE_MAY,13,1,0.503
SEDAN,20,2,1.019
SEDAN,8,0,1.189
SUV,8,0,1.516
SUV,21,5,1.468
SEDAN,1,3,0.887
SUV,23,5,1.496
SEDAN,13,5,1.323
XE_MAY,22,0,0.454
XE_MAY,6,3,0.459
XE_MAY,4,4,0.46
SEDAN,16,5,1.58
PICKUP,0,0,1.285
SUV,3,6,1.48
PICKUP,22,1,1.274
PICKUP,2,1,1.269
PICKUP,2,5,1.663
XE_MAY,3,2,0.441
SUV,9,1,1.534
PICKUP,4,5,1.675
SEDAN,2,4,0.875
XE_MAY,19,5,0.663
SEDAN,14,2,0.978
SEDAN,20,5,1.287
SEDAN,13,4,1.015
PICKUP,6,0,1.234
XE_MAY,4,6,0.596
XE_MAY,18,5,0.663
PICKUP,11,3,1.401
SUV,4,1,1.092
SUV,20,0,1.234
SEDAN,17,4,1.208
SUV,22,0,1.157
SUV,6,4,1.134
SEDAN,23,3,0.887
SUV,20,0,1.26
SEDAN,15,3,1.203
XE_MAY,7,3,0.508
XE_MAY,16,0,0.586
SUV,10,1,1.523
PICKUP,18,3,1.403
SUV,17,5,2.004
SEDAN,15,6,1.545
XE_MAY,0,4,0.454
XE_MAY,0,2,0.462
SEDAN,1,0,0.879
PICKUP,16,2,1.724
PICKUP,13,5,1.841
PICKUP,2,5,1.596
SEDAN,8,0,1.186
SUV,2,4,1.139
SEDAN,4,4,0.877
SUV,12,4,1.256
XE_MAY,9,5,0.773
PICKUP,23,6,1.65
SEDAN,1,1,0.875
XE_MAY,13,0,0.511
PICKUP,19,4,1.44
XE_MAY,9,5,0.802
SEDAN,3,0,0.913
SEDAN,22,0,0.88
SEDAN,15,2,1.219
SUV,5,2,1.093
SEDAN,23,6,1.136
SUV,23,0,1.113
XE_MAY,10,6,0.779
PICKUP,8,4,1.707
XE_MAY,8,5,0.789
XE_MAY,15,3,0.598
SUV,1,3,1.11
SEDAN,11,1,1.03
SUV,3,4,1.12
XE_MAY,7,5,0.648
XE_MAY,1,6,0.573
XE_MAY,7,0,0.509
PICKUP,11,3,1.416
SEDAN,5,6,1.15
XE_MAY,17,6,0.76
PICKUP,7,2,1.415
SEDAN,13,5,1.312
SUV,8,6,1.923
XE_MAY,18,2,0.514
XE_MAY,16,5,0.764
XE_MAY,5,1,0.448
XE_MAY,12,0,0.513
PICKUP,9,6,2.173
SUV,10,0,1.512
PICKUP,0,2,1.252
SEDAN,9,4,1.184
SUV,23,4,1.158
SEDAN,14,2,0.995
PICKUP,6,5,1.677
SEDAN,4,0,0.885
PICKUP,0,1,1.238
SUV,20,6,1.579
XE_MAY,10,0,0.605
PICKUP,23,5,1.625
SUV,3,1,1.15
SEDAN,13,3,0.998
XE_MAY,4,5,0.601
SUV,2,0,1.104
SEDAN,16,3,1.227
SUV,14,5,1.652
XE_MAY,18,0,0.508
SEDAN,20,6,1.327
PICKUP,2,4,1.28
XE_MAY,13,5,0.655
SEDAN,7,2,0.978
SUV,10,6,1.895
PICKUP,22,6,1.679
SUV,10,3,1.51
SUV,7,0,1.272
SEDAN,4,6,1.169
XE_MAY,4,0,0.44
SEDAN,14,3,0.978
SUV,13,0,1.264
SUV,6,3,1.12
SUV,14,2,1.228
XE_MAY,2,1,0.45
SUV,22,5,1.424
XE_MAY,6,6,0.588
SUV,4,0,1.109
SEDAN,11,3,1.018
XE_MAY,21,2,0.445
SUV,5,0,1.122
PICKUP,14,4,1.359
SEDAN,3,3,0.877
XE_MAY,4,0,0.447
XE_MAY,1,6,0.584
SEDAN,4,1,0.905
PICKUP,11,5,1.797
XE_MAY,18,4,0.506
SUV,2,0,1.149
XE_MAY,6,5,0.595
PICKUP,4,0,1.225
SUV,3,0,1.124
PICKUP,1,1,1.23
PICKUP,23,3,1.24
PICKUP,0,3,1.297
PICKUP,5,2,1.233
SEDAN,5,2,0.9
SUV,14,1,1.259
XE_MAY,19,4,0.506
SEDAN,20,2,1.004
PICKUP,13,4,1.359
PICKUP,1,0,1.247
SUV,12,1,1.251
PICKUP,6,5,1.597
SEDAN,20,6,1.288
XE_MAY,12,6,0.632
SUV,15,4,1.462
PICKUP,11,4,1.391
SUV,12,2,1.222
SEDAN,0,2,0.904
SEDAN,0,6,1.183
SUV,1,6,1.489
PICKUP,16,2,1.65
SEDAN,5,0,0.882
SEDAN,21,1,0.879
SUV,17,6,1.966
XE_MAY,7,4,0.506
PICKUP,11,6,1.769
SEDAN,5,1,0.924
SUV,23,5,1.423
SUV,18,0,1.253
SUV,18,4,1.266
SEDAN,18,1,1.022
PICKUP,17,2,1.702
SEDAN,15,0,1.222
XE_MAY,1,1,0.446
SEDAN,0,4,0.917
PICKUP,0,2,1.228
SEDAN,4,2,0.921
SEDAN,10,0,1.203
XE_MAY,4,4,0.459
SEDAN,3,6,1.167
SUV,2,2,1.135
PICKUP,18,0,1.402
SUV,9,2,1.521
SEDAN,5,5,1.141
PICKUP,20,3,1.363
SUV,5,5,1.44
SUV,7,5,1.592
SEDAN,12,2,1.022
SUV,4,1,1.106
XE_MAY,22,4,0.463
PICKUP,18,0,1.386
SEDAN,19,2,0.981
SEDAN,20,4,1.017
XE_MAY,15,1,0.606
SUV,23,0,1.125
SEDAN,11,2,1.003
SEDAN,20,0,1.013
SUV,14,0,1.23
SUV,6,1,1.159
XE_MAY,11,2,0.514
XE_MAY,23,0,0.454
XE_MAY,12,3,0.491
PICKUP,5,3,1.274
PICKUP,12,2,1.364
PICKUP,3,6,1.592
PICKUP,18,5,1.794
SEDAN,5,3,0.898
XE_MAY,1,2,0.46
XE_MAY,10,2,0.608
XE_MAY,2,2,0.457
SEDAN,12,1,0.996
XE_MAY,17,0,0.594
SUV,19,4,1.24
PICKUP,22,0,1.297
PICKUP,20,1,1.361
PICKUP,5,0,1.288
XE_MAY,10,1,0.603
SEDAN,13,5,1.295
SUV,21,2,1.14
SUV,7,0,1.249
XE_MAY,12,4,0.511
PICKUP,4,0,1.29
SUV,0,3,1.12
XE_MAY,9,6,0.77
PICKUP,6,0,1.267
XE_MAY,6,1,0.461
SUV,2,3,1.105
XE_MAY,9,6,0.786
PICKUP,15,3,1.693
SUV,2,5,1.483
PICKUP,5,2,1.232
PICKUP,11,1,1.418
PICKUP,1,2,1.291
PICKUP,14,2,1.373
SEDAN,8,4,1.181
XE_MAY,4,6,0.602
XE_MAY,2,5,0.574
SUV,17,3,1.532
SEDAN,17,0,1.199
PICKUP,16,3,1.655
PICKUP,18,1,1.431
PICKUP,9,0,1.674
PICKUP,22,0,1.261
SEDAN,3,6,1.16
PICKUP,5,1,1.267
SEDAN,6,1,0.882
XE_MAY,13,0,0.497
PICKUP,6,6,1.684
SEDAN,19,2,0.985
SUV,23,6,1.476
XE_MAY,2,3,0.445
PICKUP,17,2,1.708
SUV,16,3,1.467
XE_MAY,22,4,0.463
PICKUP,3,3,1.257
SEDAN,4,4,0.886
XE_MAY,3,4,0.438
XE_MAY,9,6,0.765
SUV,13,2,1.251
PICKUP,20,3,1.386
PICKUP,1,1,1.285
SUV,12,1,1.245
PICKUP,1,3,1.241
SUV,22,1,1.133
XE_MAY,23,3,0.456
SUV,11,0,1.225
SUV,9,2,1.47
SUV,15,6,1.896
XE_MAY,7,1,0.507
SUV,23,3,1.136
SUV,8,5,1.947
PICKUP,19,5,1.858
XE_MAY,6,3,0.458
SEDAN,13,5,1.307
PICKUP,16,6,2.232
SUV,1,4,1.105
SEDAN,2,2,0.879
PICKUP,4,6,1.615
XE_MAY,5,1,0.438
SEDAN,1,1,0.902
XE_MAY,14,0,0.513
SUV,22,1,1.094
SUV,11,6,1.588
PICKUP,16,3,1.675
XE_MAY,21,0,0.462
SEDAN,11,3,0.989
PICKUP,5,6,1.639
PICKUP,18,4,1.361
SUV,11,1,1.224
SUV,23,6,1.505
XE_MAY,9,0,0.617
PICKUP,1,1,1.223
SEDAN,7,5,1.335
SEDAN,21,1,0.908
SUV,20,3,1.278
XE_MAY,21,0,0.449
PICKUP,4,5,1.64
SEDAN,19,6,1.299
XE_MAY,7,2,0.505
SUV,22,5,1.431
SUV,13,3,1.215
SUV,14,2,1.236
SEDAN,14,2,1.012
PICKUP,18,0,1.375
XE_MAY,16,5,0.788
SUV,17,5,2.005
SUV,9,5,1.902
XE_MAY,15,0,0.606
SUV,8,5,1.943
SUV,8,2,1.533
SUV,6,1,1.103
SEDAN,1,6,1.184
PICKUP,21,2,1.286
SEDAN,23,0,0.924
PICKUP,9,2,1.698
PICKUP,12,3,1.4
XE_MAY,18,5,0.655
SEDAN,10,5,1.595
SEDAN,21,4,0.904
PICKUP,21,2,1.224
SUV,5,6,1.5
SEDAN,9,0,1.214
PICKUP,4,5,1.655
SUV,23,6,1.438
SEDAN,21,2,0.909
XE_MAY,7,2,0.497
SEDAN,23,6,1.181
SUV,13,6,1.587
SUV,11,2,1.262
SUV,14,6,1.674
XE_MAY,15,0,0.584
XE_MAY,15,1,0.617
XE_MAY,21,3,0.447
SUV,13,0,1.278
SEDAN,4,1,0.915
SUV,13,4,1.255
PICKUP,4,2,1.278
SEDAN,2,3,0.92
SUV,20,1,1.243
SUV,20,0,1.237
XE_MAY,14,2,0.505
SEDAN,5,4,0.917
SEDAN,15,6,1.585
XE_MAY,4,4,0.458
PICKUP,20,3,1.395
PICKUP,13,3,1.427
PICKUP,0,0,1.231
SEDAN,23,2,0.902
XE_MAY,10,6,0.757
SEDAN,0,5,1.158
XE_MAY,20,5,0.645
SEDAN,7,5,1.292
SUV,9,1,1.518
XE_MAY,12,4,0.497
SUV,5,0,1.122
XE_MAY,9,2,0.591
PICKUP,23,4,1.25
SUV,13,5,1.598
SEDAN,10,3,1.169
SUV,6,1,1.132
PICKUP,0,1,1.273
SEDAN,23,1,0.906
SEDAN,23,0,0.898
SEDAN,3,2,0.894
XE_MAY,12,5,0.664
SUV,17,4,1.502
XE_MAY,19,0,0.499
XE_MAY,20,6,0.632
XE_MAY,1,5,0.579
XE_MAY,13,3,0.496
PICKUP,3,4,1.252
SUV,15,5,1.959
SEDAN,6,5,1.172
XE_MAY,9,3,0.604
XE_MAY,21,4,0.457
SUV,19,4,1.273
SEDAN,13,6,1.317
XE_MAY,16,5,0.801
XE_MAY,9,0,0.583
XE_MAY,15,1,0.589
SEDAN,8,6,1.514
SEDAN,11,5,1.312
PICKUP,9,1,1.72
XE_MAY,17,3,0.591
SEDAN,22,3,0.923
SUV,7,0,1.217
XE_MAY,21,0,0.462
XE_MAY,18,5,0.644
PICKUP,4,0,1.23
XE_MAY,23,5,0.585
XE_MAY,8,5,0.769
SEDAN,14,2,0.987
SUV,14,0,1.236
XE_MAY,5,6,0.596
XE_MAY,9,2,0.601
SUV,13,5,1.607
XE_MAY,3,6,0.589
XE_MAY,0,6,0.593
SEDAN,21,5,1.154
SEDAN,10,2,1.194
PICKUP,19,2,1.368
XE_MAY,11,6,0.638
SUV,5,0,1.137
PICKUP,12,3,1.373
SUV,12,5,1.627
PICKUP,13,5,1.843
SEDAN,3,1,0.879
XE_MAY,5,0,0.452
PICKUP,18,3,1.38
PICKUP,5,4,1.295
PICKUP,11,4,1.399
XE_MAY,21,6,0.596
SEDAN,15,3,1.204
XE_MAY,13,3,0.486
XE_MAY,2,2,0.454
SUV,0,5,1.502
SEDAN,21,6,1.177
SUV,16,4,1.529
XE_MAY,13,5,0.665
SEDAN,15,2,1.18
PICKUP,4,6,1.61
XE_MAY,0,5,0.589
SEDAN,16,6,1.552
PICKUP,15,6,2.229
SEDAN,2,6,1.198
PICKUP,10,1,1.665
SUV,8,0,1.476
SEDAN,17,5,1.586
PICKUP,12,6,1.795
SEDAN,2,3,0.917
PICKUP,18,3,1.394
XE_MAY,15,3,0.606
SUV,3,3,1.098
XE_MAY,3,3,0.453
PICKUP,1,4,1.256
XE_MAY,2,6,0.588
SUV,16,4,1.47
SEDAN,20,5,1.318
PICKUP,10,2,1.717
XE_MAY,7,6,0.639
PICKUP,10,4,1.639
PICKUP,22,5,1.591
SUV,22,3,1.135
XE_MAY,3,6,0.589
SEDAN,0,2,0.903
SUV,20,6,1.599
SUV,17,4,1.49
SUV,22,0,1.131
XE_MAY,5,3,0.45
SEDAN,22,5,1.204
PICKUP,3,2,1.233
SEDAN,6,0,0.911
PICKUP,6,3,1.253
SEDAN,22,2,0.896
XE_MAY,13,0,0.507
XE_MAY,14,3,0.506
SEDAN,15,0,1.235
XE_MAY,17,3,0.587
PICKUP,16,6,2.132
SEDAN,22,4,0.912
SEDAN,23,6,1.176
SEDAN,3,3,0.888
SUV,16,3,1.462
PICKUP,19,5,1.775
SEDAN,8,3,1.228
SUV,9,3,1.472
SEDAN,4,3,0.89
SUV,22,4,1.107
SUV,22,5,1.45
SEDAN,6,1,0.877
SUV,21,2,1.126
SEDAN,22,5,1.14
SEDAN,16,4,1.222
SUV,22,0,1.107
SUV,17,3,1.504
PICKUP,21,5,1.675
SUV,13,6,1.64
XE_MAY,16,0,0.601
XE_MAY,12,1,0.495
XE_MAY,21,0,0.445
SEDAN,8,6,1.576
SEDAN,9,5,1.606
SUV,4,6,1.477
XE_MAY,22,6,0.587
SUV,6,6,1.483
XE_MAY,11,6,0.649
PICKUP,3,4,1.227
SEDAN,23,5,1.174
PICKUP,7,4,1.438
SUV,22,5,1.434
XE_MAY,12,3,0.506
PICKUP,21,2,1.237
XE_MAY,0,5,0.586
SUV,6,4,1.098
PICKUP,7,5,1.815
SUV,18,4,1.269
SEDAN,23,1,0.892
SUV,14,1,1.262
XE_MAY,5,1,0.458
XE_MAY,12,0,0.513
PICKUP,8,4,1.653
SUV,4,1,1.118
SUV,0,2,1.102
PICKUP,22,1,1.297
XE_MAY,4,2,0.462
XE_MAY,20,4,0.501
SUV,15,6,1.99
SUV,2,6,1.464
SUV,16,1,1.511
SEDAN,16,0,1.17
SEDAN,13,4,1.015
PICKUP,2,2,1.232
SEDAN,6,5,1.193
SUV,10,2,1.525
SUV,6,6,1.481
PICKUP,17,6,2.123
XE_MAY,3,5,0.578
SUV,14,1,1.232
SEDAN,1,5,1.16
SUV,12,6,1.585
XE_MAY,12,2,0.513
SUV,0,4,1.129
SUV,16,6,1.927
PICKUP,15,0,1.67
SUV,20,1,1.246
SUV,16,0,1.509
XE_MAY,5,6,0.586
XE_MAY,20,0,0.513
SEDAN,21,5,1.17
SEDAN,21,3,0.927
XE_MAY,6,4,0.459
PICKUP,20,6,1.788
XE_MAY,23,5,0.6
SEDAN,0,3,0.879
SUV,1,0,1.146
XE_MAY,1,1,0.447
SUV,17,0,1.534
SEDAN,8,3,1.227
PICKUP,14,5,1.853
PICKUP,13,2,1.424
XE_MAY,12,5,0.642
XE_MAY,17,0,0.585
XE_MAY,23,4,0.447
XE_MAY,22,6,0.574
XE_MAY,11,4,0.506
XE_MAY,9,6,0.773
SUV,19,0,1.286
SUV,14,3,1.261
PICKUP,21,0,1.284
PICKUP,5,4,1.232
SEDAN,4,5,1.195
PICKUP,17,2,1.723
SEDAN,9,5,1.559
SUV,0,4,1.132
SEDAN,3,0,0.914
XE_MAY,18,4,0.49
PICKUP,17,4,1.68
XE_MAY,9,1,0.596
SUV,6,3,1.101
SEDAN,5,1,0.893
SEDAN,19,6,1.266
SUV,6,0,1.093
SEDAN,21,6,1.144
XE_MAY,17,3,0.617
XE_MAY,9,5,0.782
XE_MAY,8,0,0.617
SEDAN,23,4,0.896
PICKUP,10,2,1.661
SEDAN,21,5,1.17
SEDAN,3,2,0.897
XE_MAY,6,2,0.439
PICKUP,14,2,1.412
SUV,22,4,1.106
SEDAN,18,4,1.007
SUV,10,3,1.514
SEDAN,0,2,0.881
SEDAN,7,5,1.266
PICKUP,8,6,2.221
SUV,4,5,1.459
SUV,15,3,1.46
PICKUP,11,6,1.874
SUV,15,4,1.46
XE_MAY,5,5,0.592
XE_MAY,8,6,0.803
SEDAN,17,1,1.181
SUV,23,5,1.431
XE_MAY,23,0,0.44
XE_MAY,16,5,0.771
XE_MAY,18,4,0.488
PICKUP,18,1,1.416
XE_MAY,17,2,0.584
PICKUP,20,6,1.821
SEDAN,11,3,1.03
SEDAN,18,5,1.324
SUV,4,3,1.133
XE_MAY,12,2,0.494
XE_MAY,21,1,0.453
SEDAN,16,1,1.202
PICKUP,5,1,1.254
SEDAN,23,5,1.144
PICKUP,11,0,1.432
SEDAN,15,1,1.196
XE_MAY,8,2,0.589
SEDAN,1,5,1.161
SEDAN,16,6,1.552
SUV,12,3,1.275
PICKUP,1,0,1.278
SUV,3,5,1.486
SUV,23,2,1.092
SEDAN,12,5,1.293
PICKUP,11,4,1.398
XE_MAY,16,2,0.583
PICKUP,7,4,1.38
PICKUP,11,6,1.848
SUV,15,6,1.908
PICKUP,19,0,1.403
SEDAN,14,1,0.983
SEDAN,2,4,0.874
SUV,6,1,1.108
SEDAN,5,2,0.926
XE_MAY,21,1,0.458
PICKUP,10,5,2.244
XE_MAY,15,5,0.779
PICKUP,15,1,1.641
SEDAN,20,6,1.304
PICKUP,0,1,1.257
XE_MAY,4,4,0.459
SEDAN,4,5,1.142
XE_MAY,18,1,0.5
XE_MAY,5,2,0.441
SEDAN,16,3,1.187
XE_MAY,23,5,0.593
SUV,2,1,1.123
PICKUP,19,3,1.39
PICKUP,5,1,1.252
PICKUP,19,1,1.397
SEDAN,19,5,1.322
SUV,5,5,1.497
SUV,14,4,1.284
XE_MAY,7,3,0.509
PICKUP,4,0,1.246
XE_MAY,6,4,0.455
PICKUP,4,4,1.255
XE_MAY,5,3,0.443
XE_MAY,17,4,0.612
XE_MAY,2,3,0.438
SEDAN,19,4,1.024
XE_MAY,21,5,0.584
PICKUP,16,3,1.694
SUV,1,5,1.476
PICKUP,7,6,1.863
PICKUP,12,2,1.411
XE_MAY,13,1,0.503
SUV,15,6,1.899
SEDAN,2,2,0.901
PICKUP,8,1,1.645
XE_MAY,22,5,0.593
XE_MAY,18,4,0.5
XE_MAY,16,0,0.606
PICKUP,20,1,1.362
SUV,13,2,1.219
XE_MAY,4,3,0.456
SUV,8,6,1.9
PICKUP,18,2,1.364
SUV,21,3,1.092
SEDAN,13,4,1.027
PICKUP,5,2,1.278
PICKUP,8,2,1.665
SUV,22,3,1.111
SEDAN,21,0,0.892
SEDAN,14,6,1.321
SEDAN,3,1,0.909
PICKUP,10,6,2.143
XE_MAY,5,3,0.441
XE_MAY,2,6,0.571
SEDAN,15,4,1.212
PICKUP,2,0,1.28
SUV,7,2,1.232
XE_MAY,19,0,0.486
PICKUP,12,4,1.365
SUV,22,4,1.157
XE_MAY,5,5,0.578
PICKUP,14,0,1.423
SEDAN,21,6,1.179
SUV,6,0,1.117
SEDAN,19,1,0.982
XE_MAY,11,1,0.489
XE_MAY,5,0,0.453
SUV,12,2,1.271
PICKUP,12,4,1.412
SEDAN,16,0,1.202
XE_MAY,2,4,0.438
SUV,23,6,1.504
SUV,11,6,1.654
SUV,7,4,1.234
SEDAN,14,3,1.029
XE_MAY,8,1,0.604
PICKUP,16,0,1.688
XE_MAY,16,2,0.609
SUV,3,6,1.49
SUV,17,6,1.968
SUV,22,3,1.1
PICKUP,18,3,1.386
SEDAN,10,6,1.6
PICKUP,21,3,1.239
XE_MAY,15,0,0.595
SUV,2,3,1.12
SEDAN,21,5,1.166
SEDAN,10,3,1.208
SUV,16,4,1.54
XE_MAY,22,6,0.576
SUV,7,2,1.222
XE_MAY,12,5,0.638
SUV,2,4,1.151
SEDAN,15,2,1.21
SUV,6,4,1.111
SUV,5,5,1.49
SEDAN,15,5,1.594
SEDAN,7,5,1.327
SEDAN,8,1,1.23
SEDAN,6,6,1.153
SEDAN,19,2,1.015
SEDAN,3,0,0.898
XE_MAY,21,5,0.597
PICKUP,19,0,1.419
XE_MAY,15,2,0.61
SUV,15,4,1.514
SUV,15,1,1.471
SUV,12,1,1.253
SEDAN,1,4,0.926
PICKUP,15,4,1.724
XE_MAY,16,2,0.584
PICKUP,21,6,1.605
SEDAN,14,0,0.978
PICKUP,10,5,2.214
XE_MAY,0,5,0.596
SEDAN,12,4,0.983
XE_MAY,10,2,0.6
SUV,5,4,1.148
SUV,7,2,1.267
PICKUP,19,2,1.404
SUV,5,3,1.131
PICKUP,6,3,1.261
SUV,11,6,1.605
PICKUP,8,3,1.687
SEDAN,18,1,1.011
SEDAN,3,5,1.196
SUV,7,4,1.26
PICKUP,12,1,1.422
SEDAN,23,1,0.882
PICKUP,0,1,1.257
PICKUP,15,1,1.631
SUV,15,2,1.477
SUV,17,6,1.976
XE_MAY,12,0,0.515
SEDAN,1,1,0.878
SUV,15,6,1.938
XE_MAY,14,5,0.662
SUV,8,2,1.473
SUV,17,4,1.505
SUV,11,0,1.267
PICKUP,3,2,1.269
SEDAN,18,4,0.981
SEDAN,9,2,1.19
SUV,21,4,1.144
PICKUP,23,3,1.264
XE_MAY,12,4,0.485
SUV,14,5,1.65
SEDAN,5,5,1.137
SUV,13,5,1.649
PICKUP,2,0,1.238
SEDAN,10,1,1.233
SUV,10,5,1.935
SUV,22,2,1.113
PICKUP,8,3,1.645
SUV,23,4,1.112
PICKUP,13,1,1.432
SEDAN,0,1,0.927
SEDAN,21,2,0.893
XE_MAY,6,1,0.449
PICKUP,3,0,1.277
XE_MAY,15,4,0.614
XE_MAY,0,6,0.588
PICKUP,16,6,2.17
XE_MAY,3,2,0.448
SEDAN,2,5,1.184
PICKUP,9,1,1.63
SEDAN,23,2,0.906
PICKUP,20,1,1.388
SEDAN,16,6,1.588
SEDAN,0,0,0.878
SUV,10,6,1.96
PICKUP,14,6,1.818
SUV,17,3,1.513
SEDAN,22,4,0.877
SEDAN,18,4,1.005
PICKUP,20,5,1.827
PICKUP,16,5,2.192
SUV,11,3,1.258
SEDAN,2,3,0.91
SUV,11,3,1.273
SUV,4,2,1.109
XE_MAY,0,4,0.459
SEDAN,11,2,1.0
PICKUP,17,0,1.637
PICKUP,15,2,1.636
XE_MAY,13,6,0.644
SUV,19,1,1.271
XE_MAY,17,2,0.607
SEDAN,13,4,1.017
PICKUP,12,1,1.401
SEDAN,22,5,1.166
PICKUP,12,1,1.37
SUV,2,3,1.113
SEDAN,16,6,1.554
SUV,9,5,1.902
SUV,13,1,1.229
XE_MAY,5,1,0.453
SUV,3,5,1.483
PICKUP,19,3,1.442
SUV,22,4,1.154
PICKUP,6,2,1.271
XE_MAY,4,0,0.448
XE_MAY,5,0,0.454
SUV,8,1,1.526
PICKUP,23,0,1.231
SEDAN,2,1,0.895
XE_MAY,15,1,0.612
SUV,13,2,1.241
PICKUP,11,3,1.406
XE_MAY,10,0,0.603
SEDAN,1,2,0.883
PICKUP,2,4,1.25
PICKUP,5,1,1.247
SUV,12,6,1.579
XE_MAY,3,6,0.568
SEDAN,12,6,1.326
PICKUP,7,5,1.795
XE_MAY,6,3,0.45
XE_MAY,16,5,0.771
SEDAN,15,3,1.232
SUV,10,1,1.478
XE_MAY,23,4,0.448
XE_MAY,8,3,0.613
SUV,6,2,1.148
XE_MAY,21,1,0.442
XE_MAY,7,5,0.662
PICKUP,10,0,1.676
SEDAN,8,4,1.199
XE_MAY,12,6,0.636
SEDAN,0,0,0.877
PICKUP,22,4,1.277
SEDAN,11,6,1.3
XE_MAY,7,1,0.498
PICKUP,2,5,1.661
SUV,20,0,1.27
XE_MAY,11,5,0.637
SEDAN,22,4,0.906
XE_MAY,4,3,0.44
SEDAN,10,4,1.218
SUV,14,5,1.64
SEDAN,0,5,1.202
PICKUP,11,5,1.773
SEDAN,8,0,1.168
PICKUP,22,3,1.244
SUV,17,5,1.922
PICKUP,6,4,1.241
SEDAN,17,2,1.229
SUV,23,3,1.108
SUV,19,6,1.603
SEDAN,2,4,0.914
SEDAN,14,2,0.997
SUV,17,2,1.525
PICKUP,0,6,1.595
PICKUP,23,1,1.259
XE_MAY,19,6,0.632
SUV,19,1,1.217
SUV,23,0,1.152
PICKUP,6,4,1.233
PICKUP,17,1,1.683
SUV,10,3,1.492
SUV,3,0,1.115
XE_MAY,1,6,0.599
SEDAN,5,6,1.136
XE_MAY,6,0,0.454
PICKUP,6,0,1.295
XE_MAY,18,5,0.652
PICKUP,21,3,1.293
SUV,1,2,1.095
SEDAN,19,5,1.294
XE_MAY,0,1,0.444
PICKUP,2,3,1.277
XE_MAY,11,4,0.514
PICKUP,11,6,1.793
XE_MAY,19,2,0.505
XE_MAY,23,0,0.442
SUV,2,1,1.129
XE_MAY,3,5,0.584
SEDAN,17,3,1.234
SEDAN,6,4,0.906
SEDAN,18,5,1.288
SEDAN,17,5,1.524
PICKUP,23,0,1.234
SUV,21,3,1.106
PICKUP,3,1,1.241
SEDAN,17,3,1.225
SUV,21,1,1.129
PICKUP,11,2,1.402
SUV,11,3,1.221
PICKUP,23,2,1.287
SEDAN,18,4,1.013
SEDAN,12,6,1.266
SUV,11,3,1.266
PICKUP,12,0,1.404
XE_MAY,9,4,0.585
XE_MAY,16,1,0.598
SUV,0,2,1.124
SEDAN,6,6,1.147
SUV,0,6,1.502
SUV,17,4,1.531
SEDAN,3,0,0.909
PICKUP,11,1,1.397
SEDAN,8,2,1.194
SEDAN,7,2,1.009
SUV,2,4,1.128
PICKUP,18,1,1.363
XE_MAY,23,2,0.45
PICKUP,5,3,1.283
XE_MAY,19,5,0.648
SUV,1,5,1.423
PICKUP,2,6,1.666
XE_MAY,10,2,0.589
PICKUP,13,6,1.794
XE_MAY,7,5,0.637
XE_MAY,20,6,0.643
PICKUP,1,2,1.279
XE_MAY,10,4,0.601
SEDAN,10,4,1.179
SEDAN,4,0,0.92
PICKUP,14,6,1.861
XE_MAY,7,3,0.511
SUV,12,1,1.23
SEDAN,10,0,1.196
PICKUP,18,5,1.873
XE_MAY,17,3,0.61
SUV,2,3,1.093
PICKUP,22,1,1.227
SEDAN,15,4,1.197
SEDAN,15,3,1.229
SEDAN,17,4,1.203
SEDAN,7,0,1.0
SUV,13,2,1.22
XE_MAY,3,5,0.591
PICKUP,13,2,1.427
SUV,6,2,1.117
SUV,19,5,1.652
XE_MAY,9,1,0.617
SUV,19,6,1.596
PICKUP,19,1,1.402
PICKUP,1,6,1.617
SEDAN,6,5,1.191
SUV,4,6,1.469
XE_MAY,3,5,0.59
XE_MAY,7,4,0.509
SEDAN,9,0,1.193
SUV,22,6,1.499
XE_MAY,9,3,0.601
PICKUP,0,2,1.234
SEDAN,23,4,0.911
SEDAN,6,4,0.916
SUV,17,3,1.484
SEDAN,22,5,1.195
XE_MAY,12,4,0.512
XE_MAY,8,1,0.592
XE_MAY,9,1,0.617
SUV,1,3,1.101
XE_MAY,2,3,0.442
SUV,21,6,1.435
SUV,3,0,1.152
SUV,20,3,1.262
SEDAN,12,4,0.979
XE_MAY,10,3,0.598
XE_MAY,5,1,0.453
PICKUP,17,5,2.129
XE_MAY,1,1,0.46
SUV,10,3,1.527
PICKUP,23,1,1.26
XE_MAY,11,5,0.668
SUV,11,5,1.617
SUV,7,4,1.286
SUV,1,5,1.477
SUV,12,6,1.638
XE_MAY,17,2,0.588
SEDAN,4,2,0.921
PICKUP,21,1,1.255
XE_MAY,23,3,0.441
SEDAN,13,1,0.971
SEDAN,13,2,1.004
SUV,14,4,1.252
SEDAN,6,5,1.185
SEDAN,18,4,1.023
SEDAN,4,2,0.877
SEDAN,13,6,1.318
SEDAN,20,4,0.981
SEDAN,10,0,1.226
XE_MAY,5,2,0.459
SEDAN,23,0,0.902
SUV,13,3,1.266
SUV,14,5,1.607
SUV,4,6,1.46
SEDAN,3,1,0.917
SEDAN,0,6,1.167
SUV,19,4,1.239
SEDAN,19,1,1.0
SEDAN,21,0,0.918
SUV,2,5,1.448
PICKUP,4,4,1.235
PICKUP,22,5,1.659
SUV,5,6,1.491
PICKUP,15,3,1.64
SEDAN,5,1,0.886
SEDAN,1,3,0.881
XE_MAY,8,3,0.595
SEDAN,23,5,1.167
SEDAN,6,0,0.913
SEDAN,14,6,1.312
PICKUP,22,2,1.269
PICKUP,7,3,1.388
PICKUP,1,4,1.286
PICKUP,23,2,1.258
PICKUP,19,5,1.872
XE_MAY,16,0,0.605
PICKUP,14,6,1.779
XE_MAY,7,4,0.505
PICKUP,23,0,1.247
PICKUP,16,6,2.208
XE_MAY,6,2,0.438
PICKUP,12,2,1.373
SUV,14,1,1.277
PICKUP,9,4,1.652
XE_MAY,22,4,0.459
SEDAN,14,6,1.283
PICKUP,2,5,1.652
XE_MAY,5,6,0.592
SEDAN,12,3,1.001
SUV,14,0,1.235
SEDAN,14,4,0.983
SEDAN,14,0,0.972
SUV,10,5,1.927
SEDAN,22,5,1.181
XE_MAY,2,0,0.462
PICKUP,20,2,1.431
XE_MAY,16,5,0.792
PICKUP,23,6,1.666
SEDAN,12,4,1.01
PICKUP,1,6,1.614
SEDAN,10,4,1.229
SEDAN,5,6,1.182
SEDAN,5,6,1.174
XE_MAY,13,2,0.488
SUV,23,6,1.458
PICKUP,9,5,2.179
SEDAN,3,1,0.92
SEDAN,0,4,0.903
SUV,0,3,1.117
PICKUP,15,4,1.728
XE_MAY,19,3,0.488
SEDAN,6,4,0.896
PICKUP,14,3,1.362
PICKUP,2,4,1.278
XE_MAY,7,4,0.513
SUV,19,5,1.604
SEDAN,1,1,0.919
SEDAN,1,5,1.155
SUV,1,1,1.153
XE_MAY,21,4,0.457
SUV,10,0,1.527
XE_MAY,3,3,0.437
SEDAN,5,5,1.202
SUV,19,5,1.647
SEDAN,14,5,1.285
SUV,1,0,1.147
SUV,10,2,1.48
PICKUP,2,6,1.675
PICKUP,17,0,1.641
SUV,15,1,1.518
XE_MAY,22,6,0.586
SUV,10,4,1.464
PICKUP,16,1,1.654
SEDAN,19,0,0.971
XE_MAY,18,5,0.649
XE_MAY,15,5,0.771
SUV,13,4,1.257
SUV,8,4,1.482
SUV,4,4,1.111
PICKUP,16,5,2.216
PICKUP,15,6,2.125
SEDAN,19,1,1.024
SUV,6,0,1.149
XE_MAY,0,3,0.455
XE_MAY,23,6,0.588
SEDAN,19,3,1.024
PICKUP,1,2,1.236
SUV,17,6,1.901
SEDAN,0,5,1.152
SEDAN,22,2,0.916
SUV,2,2,1.094
SUV,16,4,1.507
SUV,0,0,1.158
SUV,10,3,1.532
XE_MAY,5,1,0.451
SUV,10,5,1.899
PICKUP,15,6,2.227
XE_MAY,20,1,0.503
PICKUP,4,5,1.6
PICKUP,17,2,1.639
PICKUP,13,5,1.865
XE_MAY,16,2,0.606
SUV,17,4,1.53
XE_MAY,6,4,0.46
SUV,11,0,1.255
SEDAN,8,6,1.562
XE_MAY,10,3,0.597
SEDAN,18,4,0.989
PICKUP,5,4,1.255
XE_MAY,9,5,0.793
SUV,22,0,1.132
SUV,13,0,1.279
PICKUP,7,2,1.395
PICKUP,9,1,1.691
SUV,5,0,1.134
SUV,1,6,1.471
SEDAN,2,3,0.911
XE_MAY,15,4,0.591
SEDAN,6,2,0.901
PICKUP,23,6,1.599
SUV,10,1,1.49
XE_MAY,16,5,0.779
SEDAN,6,5,1.181
XE_MAY,14,3,0.514
XE_MAY,0,2,0.453
XE_MAY,21,6,0.594
XE_MAY,10,3,0.6
XE_MAY,3,4,0.454
SUV,0,4,1.096
SUV,20,1,1.232
SUV,6,1,1.116
SUV,8,4,1.498
SUV,14,5,1.581
XE_MAY,8,1,0.587
SEDAN,8,0,1.184
XE_MAY,19,4,0.514
XE_MAY,6,4,0.445
SUV,17,2,1.498
SUV,4,5,1.436
SUV,18,1,1.258
SEDAN,2,2,0.888
SUV,17,3,1.474
XE_MAY,4,0,0.45
PICKUP,21,0,1.223
XE_MAY,12,0,0.485
XE_MAY,13,3,0.492
SEDAN,22,4,0.875
PICKUP,19,2,1.367
SUV,10,6,1.931
SEDAN,22,6,1.191
XE_MAY,14,4,0.502
SEDAN,2,6,1.171
PICKUP,3,3,1.244
SUV,21,5,1.5
PICKUP,15,1,1.67
SEDAN,4,6,1.141
SUV,11,3,1.259
SEDAN,22,5,1.143
SUV,10,3,1.486
PICKUP,0,0,1.261
PICKUP,3,2,1.288
PICKUP,14,6,1.819
SEDAN,9,6,1.579
SUV,19,4,1.287
SEDAN,16,0,1.173
PICKUP,22,6,1.616
XE_MAY,10,4,0.596
XE_MAY,9,4,0.597
PICKUP,12,4,1.393
PICKUP,7,4,1.434
SEDAN,17,1,1.215
PICKUP,12,0,1.409
SUV,6,6,1.446
PICKUP,13,4,1.427
SUV,17,5,2.003
SEDAN,5,5,1.193
XE_MAY,23,5,0.568
PICKUP,3,4,1.27
PICKUP,10,4,1.635
XE_MAY,14,1,0.493
SUV,12,0,1.217
XE_MAY,21,6,0.589
PICKUP,10,3,1.699
XE_MAY,2,1,0.44
SEDAN,18,6,1.291
XE_MAY,4,5,0.583
SEDAN,14,4,0.992
SUV,12,4,1.222
PICKUP,6,1,1.254
SUV,9,4,1.523
SUV,13,5,1.583
SUV,2,4,1.097
XE_MAY,19,4,0.496
PICKUP,4,6,1.681
SUV,1,2,1.136
XE_MAY,0,5,0.591
SUV,3,6,1.45
SUV,0,1,1.131
PICKUP,22,4,1.223
PICKUP,20,2,1.411
PICKUP,12,3,1.435
PICKUP,17,1,1.691
SEDAN,15,1,1.227
SEDAN,17,3,1.216
SUV,13,1,1.222
SUV,21,1,1.152
SEDAN,0,0,0.877
XE_MAY,4,5,0.586
PICKUP,21,3,1.233
SEDAN,2,1,0.874
PICKUP,14,6,1.811
PICKUP,19,1,1.383
PICKUP,16,3,1.679
PICKUP,12,2,1.406
SEDAN,5,3,0.875
XE_MAY,18,3,0.489
SEDAN,22,4,0.903
SUV,13,4,1.238
SUV,1,0,1.14
PICKUP,22,2,1.272
XE_MAY,18,3,0.51
XE_MAY,4,5,0.592
SUV,14,4,1.245
XE_MAY,16,4,0.606
XE_MAY,7,3,0.493
XE_MAY,21,5,0.578
SUV,19,0,1.272
SUV,17,6,1.944
XE_MAY,15,3,0.611
PICKUP,18,5,1.855
SUV,13,2,1.277
SUV,9,1,1.537
XE_MAY,22,4,0.448
SUV,23,6,1.447
SUV,1,5,1.47
PICKUP,18,1,1.389
XE_MAY,21,2,0.453
XE_MAY,9,3,0.607
XE_MAY,4,4,0.455
XE_MAY,8,2,0.595
SEDAN,19,2,0.98
SUV,8,0,1.494
XE_MAY,19,1,0.489
SEDAN,21,3,0.921
SUV,5,2,1.115
SEDAN,15,1,1.175
XE_MAY,10,0,0.583
SEDAN,19,6,1.311
SEDAN,15,6,1.573
PICKUP,12,1,1.387
PICKUP,23,5,1.596
SEDAN,6,4,0.895
SUV,1,5,1.446
SUV,3,0,1.137
SEDAN,14,3,1.006
PICKUP,9,3,1.666
SEDAN,12,5,1.278
PICKUP,15,2,1.729
SEDAN,16,6,1.556
PICKUP,0,2,1.274
PICKUP,12,5,1.781
SUV,16,5,1.948
XE_MAY,3,4,0.437
SUV,13,4,1.25
SUV,10,2,1.542
SUV,3,2,1.117
PICKUP,14,6,1.77
SEDAN,23,5,1.137
SEDAN,16,2,1.192
SEDAN,10,4,1.176
XE_MAY,21,0,0.437
XE_MAY,0,3,0.457
XE_MAY,16,0,0.599
PICKUP,11,1,1.382
SUV,8,1,1.536
XE_MAY,0,4,0.44
XE_MAY,1,4,0.462
SEDAN,19,5,1.285
XE_MAY,22,0,0.46
XE_MAY,19,1,0.503
PICKUP,21,6,1.67
SEDAN,3,5,1.204
SEDAN,8,2,1.185
PICKUP,21,0,1.295
PICKUP,8,6,2.17
PICKUP,22,5,1.627
SUV,8,1,1.486
XE_MAY,8,6,0.782
XE_MAY,12,3,0.49
SUV,1,2,1.129
SUV,5,3,1.128
XE_MAY,15,1,0.609
PICKUP,5,5,1.671
PICKUP,3,1,1.255
PICKUP,6,4,1.245
XE_MAY,14,5,0.641
SUV,3,0,1.104
XE_MAY,2,4,0.438
SUV,14,0,1.238
PICKUP,4,5,1.615
XE_MAY,1,5,0.601
PICKUP,8,1,1.686
SUV,12,4,1.239
XE_MAY,16,5,0.784
PICKUP,15,3,1.644
PICKUP,23,6,1.633
XE_MAY,17,1,0.605
XE_MAY,12,5,0.65
PICKUP,3,4,1.253
SUV,10,5,2.008
SUV,12,0,1.279
XE_MAY,11,4,0.504
SUV,2,6,1.469
PICKUP,9,5,2.2
SEDAN,5,4,0.884
XE_MAY,12,5,0.646
SEDAN,9,5,1.517
PICKUP,3,5,1.636
SUV,15,0,1.504
PICKUP,23,1,1.239
SEDAN,1,1,0.925
XE_MAY,23,4,0.461
SEDAN,15,3,1.216
XE_MAY,17,5,0.782
SUV,15,4,1.533
PICKUP,0,0,1.232
SUV,1,2,1.145
XE_MAY,12,0,0.489
SEDAN,20,5,1.323
PICKUP,21,6,1.616
SEDAN,23,4,0.92
SEDAN,2,0,0.924
SEDAN,15,5,1.527
XE_MAY,15,4,0.599
XE_MAY,7,5,0.669
SEDAN,0,1,0.899
XE_MAY,9,6,0.797
XE_MAY,14,4,0.503
SEDAN,18,0,0.993
XE_MAY,3,3,0.444
SEDAN,2,6,1.149
SEDAN,13,2,1.016
PICKUP,10,0,1.669
SEDAN,10,6,1.561
SEDAN,1,4,0.9
SEDAN,10,0,1.206
XE_MAY,8,1,0.613
PICKUP,5,5,1.685
SUV,17,1,1.492
PICKUP,7,4,1.428
XE_MAY,4,0,0.457
PICKUP,5,0,1.266
PICKUP,2,0,1.294
XE_MAY,5,0,0.442
SUV,13,5,1.587
PICKUP,22,1,1.287
SEDAN,4,5,1.166
SUV,16,3,1.531
PICKUP,7,1,1.433
XE_MAY,19,1,0.487
PICKUP,19,0,1.432
SUV,11,3,1.246
XE_MAY,17,1,0.6
SEDAN,3,4,0.907
XE_MAY,19,2,0.513
SEDAN,14,6,1.262
SEDAN,8,0,1.198
SEDAN,3,6,1.183
SEDAN,21,6,1.186
PICKUP,15,1,1.699
SEDAN,21,0,0.88
XE_MAY,20,2,0.494
SUV,6,3,1.115
SUV,10,4,1.527
PICKUP,1,0,1.243
XE_MAY,17,1,0.59
SEDAN,0,3,0.925
XE_MAY,2,1,0.437
PICKUP,18,4,1.442
SUV,13,1,1.263
SUV,7,6,1.657
XE_MAY,10,1,0.593
XE_MAY,7,5,0.631
PICKUP,6,3,1.278
SEDAN,2,3,0.918
PICKUP,1,3,1.278
SEDAN,6,4,0.881
PICKUP,5,3,1.279
SUV,4,3,1.143
SEDAN,20,2,1.01
SUV,6,2,1.143
SEDAN,1,5,1.194
XE_MAY,8,1,0.604
XE_MAY,14,3,0.488
PICKUP,5,6,1.637
SUV,7,2,1.218
SEDAN,20,4,0.994
SEDAN,18,4,0.994
SEDAN,2,3,0.877
PICKUP,6,4,1.249
PICKUP,14,2,1.367
XE_MAY,23,3,0.458
SEDAN,7,2,1.027
PICKUP,18,1,1.364
SEDAN,18,0,1.027
PICKUP,1,0,1.262
PICKUP,23,6,1.618
XE_MAY,13,4,0.487
PICKUP,15,6,2.184
XE_MAY,14,3,0.509
SEDAN,2,4,0.911
XE_MAY,22,5,0.569
PICKUP,6,1,1.228
SUV,9,1,1.491
XE_MAY,0,3,0.444
SUV,5,5,1.439
PICKUP,18,5,1.796
XE_MAY,14,3,0.509
SEDAN,22,3,0.923
SEDAN,11,5,1.293
PICKUP,22,5,1.678
XE_MAY,20,0,0.495
PICKUP,22,2,1.258
XE_MAY,9,3,0.59
SUV,22,4,1.134
SEDAN,21,0,0.926
SUV,23,0,1.132
SUV,1,0,1.115
PICKUP,11,3,1.412
XE_MAY,11,2,0.489
SEDAN,20,4,1.023
XE_MAY,17,5,0.78
SEDAN,4,2,0.897
SEDAN,17,0,1.206
PICKUP,23,6,1.65
SEDAN,23,6,1.14
SEDAN,10,2,1.213
SUV,16,5,1.92
PICKUP,8,0,1.702
XE_MAY,11,2,0.51
PICKUP,15,4,1.711
XE_MAY,15,5,0.782
SUV,14,4,1.252
SUV,21,5,1.431
XE_MAY,6,3,0.457
XE_MAY,2,3,0.444
SEDAN,9,0,1.2
XE_MAY,5,2,0.444
XE_MAY,22,1,0.44
PICKUP,4,6,1.651
SEDAN,16,5,1.518
XE_MAY,9,3,0.609
SEDAN,15,2,1.187
PICKUP,14,5,1.765
XE_MAY,9,1,0.6
XE_MAY,0,6,0.569
SEDAN,16,5,1.539
SUV,13,4,1.266
SUV,20,5,1.582
SUV,15,4,1.531
PICKUP,14,2,1.358
SEDAN,9,1,1.182
SUV,7,3,1.268
SUV,9,6,1.929
XE_MAY,4,2,0.439
SUV,14,1,1.24
SEDAN,22,4,0.888
SUV,5,1,1.148
SEDAN,5,1,0.89
XE_MAY,1,2,0.458
SEDAN,14,2,1.024
SUV,5,1,1.121
XE_MAY,21,2,0.461
SUV,4,2,1.117
PICKUP,17,1,1.727
SUV,3,0,1.097
PICKUP,15,6,2.209
SEDAN,14,2,1.0
SEDAN,0,5,1.162
SUV,20,5,1.638
SUV,15,2,1.518
SEDAN,18,5,1.261
PICKUP,10,5,2.14
XE_MAY,23,3,0.456
XE_MAY,4,5,0.591
XE_MAY,9,0,0.617
PICKUP,19,6,1.849
SEDAN,14,2,1.027
XE_MAY,10,0,0.607
SEDAN,18,4,0.988
SEDAN,8,1,1.172
XE_MAY,2,4,0.458
PICKUP,21,5,1.652
XE_MAY,16,3,0.584
SEDAN,15,2,1.19
XE_MAY,21,2,0.462
PICKUP,4,5,1.638
PICKUP,11,3,1.394
SUV,0,2,1.122
SUV,11,2,1.228
PICKUP,17,0,1.667
SEDAN,23,3,0.893
PICKUP,14,2,1.362
SEDAN,23,3,0.914
PICKUP,4,6,1.63
XE_MAY,4,1,0.459
SUV,15,6,1.991
SUV,2,4,1.106
PICKUP,2,0,1.272
PICKUP,20,2,1.398
PICKUP,5,4,1.289
PICKUP,22,4,1.239
SEDAN,6,1,0.91
PICKUP,9,4,1.691
PICKUP,1,6,1.618
SUV,18,2,1.223
PICKUP,17,5,2.204
PICKUP,7,0,1.42
XE_MAY,4,2,0.445
SUV,20,6,1.639
PICKUP,3,5,1.628
SUV,13,1,1.266
PICKUP,22,5,1.608
SEDAN,0,0,0.921
SUV,15,0,1.481
SUV,18,3,1.24
PICKUP,8,5,2.126
PICKUP,22,6,1.6
XE_MAY,11,4,0.5
XE_MAY,8,1,0.592
XE_MAY,4,2,0.459
PICKUP,22,1,1.223
SUV,5,0,1.117
SUV,11,3,1.238
SUV,1,2,1.093
SUV,16,5,1.906
XE_MAY,16,1,0.597
SEDAN,3,4,0.9
SEDAN,17,2,1.193
SUV,21,6,1.465
SUV,8,5,1.961
SUV,3,4,1.092
SUV,4,0,1.123
SEDAN,16,2,1.233
SUV,15,3,1.502
SUV,5,0,1.137
SEDAN,4,4,0.89
SEDAN,6,6,1.189
XE_MAY,13,3,0.508
XE_MAY,3,6,0.586
SEDAN,0,3,0.926
SUV,9,5,1.906
SUV,4,6,1.42
PICKUP,19,4,1.423
SUV,5,5,1.489
SUV,0,5,1.429
XE_MAY,7,1,0.493
SEDAN,22,1,0.874
SUV,4,1,1.111
SEDAN,2,3,0.915
XE_MAY,2,0,0.45
PICKUP,13,0,1.387
SEDAN,3,0,0.893
XE_MAY,15,0,0.582
SUV,1,0,1.111
SUV,21,0,1.135
XE_MAY,3,4,0.463
SEDAN,18,1,1.021
SEDAN,21,2,0.874
XE_MAY,2,1,0.461
SUV,18,2,1.271
SUV,5,6,1.487
SEDAN,16,4,1.197
XE_MAY,3,6,0.581
XE_MAY,16,1,0.593
SEDAN,9,1,1.169
XE_MAY,23,0,0.443
SEDAN,16,6,1.536
PICKUP,11,5,1.818
SEDAN,14,5,1.319
XE_MAY,5,6,0.584
SUV,12,3,1.217
SEDAN,16,1,1.233
PICKUP,3,6,1.682
SUV,3,3,1.144
XE_MAY,16,1,0.618
PICKUP,11,5,1.825
SUV,17,5,2.004
XE_MAY,2,2,0.439
PICKUP,3,3,1.25
SUV,14,4,1.229
SUV,21,6,1.436
PICKUP,7,4,1.37
PICKUP,9,6,2.2
PICKUP,6,6,1.666
XE_MAY,15,5,0.784
SUV,5,0,1.101
PICKUP,21,0,1.284
PICKUP,14,4,1.411
XE_MAY,3,1,0.447
PICKUP,12,5,1.839
XE_MAY,23,1,0.444
XE_MAY,11,1,0.495
SUV,6,4,1.153
PICKUP,3,1,1.244
PICKUP,23,3,1.258
SUV,22,6,1.497
SUV,20,3,1.266
SUV,15,5,1.899
PICKUP,15,4,1.644
SUV,4,6,1.419
PICKUP,3,0,1.27
SUV,15,3,1.495
SEDAN,20,1,0.978
XE_MAY,3,5,0.601
XE_MAY,2,3,0.451
XE_MAY,5,3,0.443
SUV,4,2,1.125
XE_MAY,2,5,0.591
PICKUP,14,1,1.364
SUV,21,3,1.11
PICKUP,16,2,1.711
SUV,17,4,1.496
XE_MAY,1,3,0.451
XE_MAY,12,3,0.498
SUV,12,3,1.216
PICKUP,1,0,1.235
SEDAN,17,5,1.555
SUV,22,1,1.105
PICKUP,13,1,1.362
SUV,22,3,1.148
PICKUP,3,4,1.296
PICKUP,21,4,1.282
PICKUP,15,4,1.716
SEDAN,16,0,1.181
PICKUP,8,3,1.726
PICKUP,19,5,1.787
SUV,9,2,1.541
XE_MAY,0,4,0.463
XE_MAY,4,6,0.592
SUV,11,6,1.672
XE_MAY,20,2,0.502
PICKUP,3,3,1.242
SUV,11,3,1.245
SUV,1,5,1.471
SEDAN,7,1,0.974
SUV,18,0,1.259
XE_MAY,9,0,0.617
SUV,5,0,1.104
SUV,1,3,1.145
PICKUP,18,4,1.434
PICKUP,8,0,1.725
PICKUP,18,0,1.439
SUV,12,4,1.252
PICKUP,10,4,1.728
XE_MAY,15,0,0.609
SEDAN,10,3,1.176
SUV,5,4,1.123
SUV,11,3,1.266
SEDAN,15,5,1.536
XE_MAY,17,1,0.605
SUV,8,0,1.515
SUV,18,3,1.225
SEDAN,19,5,1.305
XE_MAY,22,6,0.595
XE_MAY,18,2,0.5
SUV,2,4,1.092
PICKUP,13,1,1.359
SUV,2,5,1.45
SUV,16,6,2.0
SUV,13,5,1.599
SUV,6,3,1.134
PICKUP,8,4,1.652
PICKUP,21,6,1.62
SEDAN,0,5,1.194
SEDAN,18,3,1.014
SEDAN,21,6,1.142
PICKUP,8,5,2.175
PICKUP,18,5,1.769
XE_MAY,16,1,0.599
SUV,14,1,1.262
SEDAN,4,5,1.143
SUV,13,3,1.234
SUV,2,5,1.454
SEDAN,13,2,1.025
SUV,20,1,1.287
SUV,21,4,1.094
SEDAN,12,1,1.016
XE_MAY,4,1,0.447
XE_MAY,7,6,0.646
SUV,14,3,1.269
PICKUP,13,5,1.866
XE_MAY,6,1,0.462
SUV,4,0,1.13
SUV,8,5,1.933
SEDAN,20,6,1.322
XE_MAY,23,3,0.443
XE_MAY,1,6,0.587
XE_MAY,10,4,0.595
SUV,2,3,1.136
SUV,21,5,1.44
XE_MAY,12,6,0.638
SEDAN,7,0,1.025
XE_MAY,16,5,0.761
SUV,15,0,1.501
SEDAN,19,0,0.983
SUV,10,6,1.896
PICKUP,23,5,1.592
SEDAN,13,1,0.981
SEDAN,3,1,0.92
SEDAN,8,3,1.184
PICKUP,8,6,2.243
XE_MAY,15,4,0.603
SUV,22,0,1.121
SUV,17,3,1.507
PICKUP,21,1,1.261
SUV,4,2,1.142
PICKUP,22,2,1.244
SUV,0,5,1.45
XE_MAY,23,5,0.599
XE_MAY,22,6,0.601
SEDAN,8,4,1.228
PICKUP,9,5,2.173
SUV,21,0,1.144
SEDAN,14,3,0.999
XE_MAY,12,2,0.5
SUV,2,6,1.437
SEDAN,9,1,1.207
SEDAN,14,5,1.276
SUV,20,3,1.237
XE_MAY,8,6,0.797
XE_MAY,15,3,0.589
PICKUP,10,5,2.128
PICKUP,3,6,1.596
SEDAN,22,2,0.924
XE_MAY,11,3,0.5
SUV,14,5,1.616
XE_MAY,1,5,0.596
SEDAN,20,3,1.02
SEDAN,0,3,0.891
SEDAN,20,2,1.012
SUV,18,0,1.27
XE_MAY,5,1,0.454
SEDAN,19,5,1.273
PICKUP,10,3,1.718
PICKUP,23,1,1.263
SUV,5,5,1.443
SUV,9,1,1.493
XE_MAY,13,2,0.486
SEDAN,12,3,0.978
SEDAN,0,0,0.914
SEDAN,2,3,0.873
SEDAN,8,5,1.552
SEDAN,1,3,0.901
PICKUP,19,2,1.363
SEDAN,2,2,0.926
SEDAN,18,0,0.984
XE_MAY,22,4,0.445
PICKUP,14,6,1.799
PICKUP,3,1,1.24
SEDAN,6,6,1.135
SUV,9,5,1.977
PICKUP,12,1,1.439
PICKUP,6,4,1.239
SEDAN,9,5,1.575
SEDAN,13,1,1.015
PICKUP,4,0,1.286
SUV,8,1,1.493
PICKUP,7,2,1.383
PICKUP,2,0,1.247
PICKUP,4,6,1.659
SUV,22,3,1.146
SEDAN,22,3,0.883
PICKUP,23,4,1.25
SUV,2,0,1.152
XE_MAY,1,2,0.458
SEDAN,15,2,1.235
XE_MAY,0,2,0.457
PICKUP,9,3,1.669
SUV,4,4,1.131
XE_MAY,18,1,0.505
SUV,5,4,1.097
PICKUP,10,3,1.684
SEDAN,2,2,0.911
PICKUP,4,2,1.235
XE_MAY,10,0,0.61
SEDAN,15,6,1.568
SUV,23,2,1.156
PICKUP,9,2,1.634
SUV,16,2,1.479
PICKUP,5,2,1.268
PICKUP,4,4,1.245
PICKUP,1,1,1.276
SEDAN,1,1,0.914
SEDAN,1,3,0.879
SUV,5,5,1.464
PICKUP,13,0,1.401
PICKUP,1,3,1.25
SUV,22,4,1.154
PICKUP,14,3,1.428
XE_MAY,23,6,0.592
SEDAN,3,2,0.912
XE_MAY,6,6,0.584
SUV,5,6,1.499
SEDAN,23,4,0.911
SUV,18,5,1.647
SEDAN,18,0,1.022
SEDAN,13,0,0.986
SEDAN,15,5,1.589
XE_MAY,10,0,0.589
SUV,21,5,1.449
XE_MAY,12,2,0.495
XE_MAY,10,1,0.617
XE_MAY,2,3,0.46
PICKUP,14,5,1.842
SUV,19,5,1.647
XE_MAY,10,0,0.602
PICKUP,10,5,2.243
SEDAN,6,6,1.17
XE_MAY,20,2,0.496
SUV,1,5,1.433
XE_MAY,17,4,0.61
PICKUP,2,3,1.278
SUV,5,1,1.117
PICKUP,2,0,1.224
SEDAN,5,3,0.918
PICKUP,9,5,2.12
SEDAN,3,2,0.911
PICKUP,13,5,1.871
SUV,21,4,1.121
SEDAN,11,5,1.279
XE_MAY,11,4,0.506
SEDAN,15,3,1.223
PICKUP,15,2,1.685
PICKUP,2,6,1.684
PICKUP,11,4,1.362
SEDAN,13,5,1.3
PICKUP,2,0,1.277
SUV,14,5,1.66
SEDAN,20,5,1.275
SEDAN,15,4,1.222
XE_MAY,9,3,0.602
PICKUP,2,6,1.628
PICKUP,9,1,1.643
SEDAN,21,2,0.92
SEDAN,16,3,1.175
SUV,18,0,1.236
XE_MAY,1,4,0.444
XE_MAY,16,3,0.613
PICKUP,3,3,1.273
SUV,11,2,1.272
XE_MAY,16,0,0.591
XE_MAY,23,5,0.589
PICKUP,5,6,1.645
SEDAN,12,0,1.02
XE_MAY,13,5,0.666
SUV,10,4,1.456
PICKUP,21,3,1.273
SUV,10,6,1.898
SEDAN,6,1,0.903
XE_MAY,23,4,0.444
SUV,21,0,1.112
PICKUP,17,0,1.665
XE_MAY,12,0,0.504
XE_MAY,5,5,0.579
PICKUP,14,5,1.845
PICKUP,21,5,1.629
PICKUP,9,4,1.636
SUV,22,5,1.487
PICKUP,9,0,1.658
SEDAN,4,0,0.896
SEDAN,3,6,1.183
XE_MAY,22,1,0.445
XE_MAY,6,3,0.438
SEDAN,20,1,0.992
PICKUP,20,6,1.869
SEDAN,2,2,0.908
PICKUP,4,3,1.273
PICKUP,0,0,1.27
SEDAN,4,5,1.149
PICKUP,15,3,1.672
XE_MAY,14,4,0.508
SEDAN,6,2,0.878
PICKUP,1,2,1.243
XE_MAY,3,5,0.577
PICKUP,13,6,1.813
PICKUP,23,4,1.296
SUV,1,3,1.096
PICKUP,15,4,1.682
PICKUP,7,5,1.785
XE_MAY,16,0,0.617
PICKUP,18,2,1.368
XE_MAY,8,5,0.775
PICKUP,15,0,1.704
PICKUP,19,5,1.842
SUV,14,5,1.617
PICKUP,0,1,1.248
SUV,23,1,1.118
PICKUP,11,3,1.38
SEDAN,16,1,1.179
SUV,19,6,1.623
PICKUP,4,2,1.243
PICKUP,13,6,1.797
SUV,15,6,1.968
SEDAN,19,1,1.028
SUV,22,5,1.472
XE_MAY,21,3,0.439
SEDAN,5,1,0.877
SEDAN,19,3,1.027
XE_MAY,13,3,0.494
SUV,7,1,1.219
XE_MAY,0,2,0.453
SUV,11,5,1.637
SEDAN,5,6,1.18
XE_MAY,2,2,0.444
PICKUP,3,4,1.223
SEDAN,3,4,0.925
SEDAN,15,2,1.182
SUV,11,6,1.642
XE_MAY,17,2,0.607
SEDAN,22,6,1.178
XE_MAY,22,0,0.445
PICKUP,14,6,1.795
XE_MAY,3,6,0.588
XE_MAY,17,0,0.613
XE_MAY,5,5,0.601
XE_MAY,6,2,0.439
SEDAN,23,2,0.881
PICKUP,16,3,1.725
XE_MAY,4,5,0.593
SUV,10,6,1.995
SEDAN,3,6,1.149
SEDAN,14,3,1.005
XE_MAY,7,6,0.658
PICKUP,10,2,1.698
SEDAN,2,2,0.895
SUV,22,6,1.42
PICKUP,11,5,1.829
SEDAN,4,6,1.153
PICKUP,7,1,1.396
PICKUP,13,3,1.438
PICKUP,16,6,2.171
SUV,0,3,1.148
SEDAN,0,5,1.148
XE_MAY,2,2,0.455
SUV,12,6,1.672
SEDAN,13,0,0.976
PICKUP,1,5,1.59
SEDAN,18,0,0.996
SUV,13,3,1.219
SUV,23,5,1.484
SUV,11,0,1.281
SUV,16,4,1.494
SEDAN,22,3,0.887
PICKUP,20,1,1.394
PICKUP,22,2,1.277
PICKUP,6,2,1.223
XE_MAY,1,4,0.452
SUV,12,5,1.636
SEDAN,16,4,1.21
SUV,6,0,1.108
SUV,16,2,1.519
SEDAN,0,0,0.878
SUV,7,6,1.596
SUV,23,3,1.15
XE_MAY,23,0,0.456
SUV,8,5,1.893
SUV,3,0,1.108
XE_MAY,14,2,0.491
XE_MAY,14,2,0.493
SEDAN,23,4,0.886
SEDAN,11,2,0.974
SUV,21,6,1.459
SEDAN,22,3,0.913
SEDAN,3,2,0.906
SEDAN,11,3,1.01
XE_MAY,4,5,0.57
PICKUP,13,0,1.438
XE_MAY,1,3,0.459
SEDAN,15,1,1.222
PICKUP,2,2,1.284
PICKUP,18,4,1.436
PICKUP,8,4,1.684
PICKUP,20,3,1.375
PICKUP,22,3,1.269
PICKUP,5,1,1.278
SEDAN,15,5,1.582
PICKUP,4,5,1.64
XE_MAY,22,1,0.438
PICKUP,15,0,1.667
SEDAN,17,2,1.23
XE_MAY,19,6,0.653
PICKUP,3,0,1.263
SUV,18,2,1.233
XE_MAY,16,1,0.595
XE_MAY,11,2,0.512
SUV,9,2,1.515
PICKUP,0,6,1.666
SEDAN,4,6,1.167
PICKUP,1,2,1.27
SUV,6,1,1.108
PICKUP,0,0,1.276
SUV,2,6,1.456
XE_MAY,13,3,0.498
SUV,18,3,1.261
SUV,12,3,1.283
SEDAN,4,4,0.876
PICKUP,14,5,1.855
PICKUP,4,6,1.618
SUV,2,6,1.458
PICKUP,12,1,1.36
PICKUP,10,4,1.66
XE_MAY,21,3,0.45
SUV,20,0,1.217
SEDAN,22,0,0.9
SUV,17,5,2.0
XE_MAY,20,4,0.488
XE_MAY,6,4,0.457
XE_MAY,18,4,0.497
SEDAN,15,4,1.211
XE_MAY,3,5,0.577
SEDAN,0,2,0.882
SEDAN,7,6,1.274
PICKUP,2,6,1.596
SUV,12,4,1.226
XE_MAY,15,6,0.788
XE_MAY,10,3,0.614
SEDAN,13,0,1.019
SUV,12,2,1.264
XE_MAY,3,0,0.439
SEDAN,9,1,1.185
SEDAN,8,6,1.542
XE_MAY,4,2,0.443
PICKUP,21,1,1.261
XE_MAY,19,2,0.501
SEDAN,0,5,1.16
XE_MAY,9,3,0.595
XE_MAY,10,1,0.612
PICKUP,10,2,1.709
PICKUP,3,0,1.245
SEDAN,7,6,1.332
SEDAN,15,4,1.233
PICKUP,3,2,1.247
XE_MAY,10,3,0.595
PICKUP,2,3,1.26
XE_MAY,13,5,0.667
SEDAN,0,2,0.92
XE_MAY,7,6,0.635
SEDAN,9,4,1.192
PICKUP,14,0,1.404
SEDAN,4,2,0.9
SEDAN,7,4,0.982
PICKUP,17,3,1.716
XE_MAY,0,6,0.591
PICKUP,19,2,1.428
SEDAN,0,0,0.919
PICKUP,8,4,1.705
SUV,21,3,1.121
SUV,20,1,1.258
SUV,1,1,1.102
XE_MAY,9,0,0.606
PICKUP,22,0,1.236
SEDAN,23,4,0.91
SUV,13,1,1.23
SUV,21,2,1.099
SUV,22,3,1.102
SUV,7,5,1.576
SUV,10,1,1.52
PICKUP,19,2,1.42
XE_MAY,22,1,0.45
XE_MAY,19,3,0.49
XE_MAY,0,5,0.57
SEDAN,13,4,0.971
PICKUP,12,4,1.372
XE_MAY,20,5,0.665
XE_MAY,17,0,0.591
PICKUP,21,0,1.249
SUV,12,6,1.587
SUV,12,1,1.229
XE_MAY,3,3,0.451
SUV,6,3,1.132
XE_MAY,7,5,0.64
XE_MAY,8,5,0.759
SUV,6,0,1.118
SUV,22,1,1.107
SEDAN,15,2,1.18
XE_MAY,8,3,0.617
SEDAN,0,1,0.906
PICKUP,3,6,1.644
SUV,18,4,1.244
PICKUP,5,4,1.255
SEDAN,21,5,1.173
SEDAN,2,4,0.911
SEDAN,23,0,0.911
SEDAN,8,4,1.176
SEDAN,16,5,1.56
SUV,6,6,1.455
XE_MAY,22,5,0.598
SUV,21,4,1.134
PICKUP,0,3,1.262
XE_MAY,10,3,0.586
PICKUP,8,0,1.691
PICKUP,15,2,1.641
XE_MAY,23,1,0.446
XE_MAY,8,3,0.587
PICKUP,10,0,1.699
PICKUP,6,2,1.238
XE_MAY,18,6,0.646
XE_MAY,23,1,0.461
PICKUP,2,1,1.238
SEDAN,5,2,0.9
SUV,2,5,1.455
XE_MAY,0,3,0.437
PICKUP,0,4,1.282
SUV,8,1,1.461
XE_MAY,15,1,0.599
SUV,1,6,1.468
SUV,16,6,1.965
SEDAN,2,6,1.183
PICKUP,3,5,1.614
PICKUP,18,0,1.359
XE_MAY,1,0,0.456
PICKUP,10,6,2.189
XE_MAY,4,0,0.459
PICKUP,1,2,1.284
PICKUP,2,0,1.286
XE_MAY,17,0,0.599
SUV,12,3,1.238
XE_MAY,19,6,0.661
PICKUP,7,6,1.815
XE_MAY,14,3,0.491
PICKUP,13,4,1.43
XE_MAY,10,5,0.798
XE_MAY,14,4,0.499
SUV,18,1,1.218
XE_MAY,3,0,0.447
XE_MAY,18,6,0.662
SEDAN,18,1,1.024
SUV,11,3,1.228
PICKUP,23,4,1.227
PICKUP,5,1,1.289
SEDAN,1,0,0.894
SEDAN,9,4,1.203
PICKUP,16,5,2.245
SUV,9,4,1.461
SEDAN,4,3,0.908
SUV,19,2,1.218
SUV,11,0,1.241
SEDAN,1,1,0.916
XE_MAY,13,2,0.498
SEDAN,6,5,1.205
SEDAN,2,2,0.903
SEDAN,21,3,0.89
PICKUP,19,5,1.789
SUV,18,4,1.239
SUV,19,2,1.24
PICKUP,10,1,1.637
XE_MAY,14,6,0.645
XE_MAY,15,1,0.599
XE_MAY,20,1,0.507
SEDAN,14,4,1.009
SEDAN,7,3,1.013
SUV,23,3,1.092
SEDAN,12,1,0.983
XE_MAY,11,0,0.505
XE_MAY,11,0,0.5
XE_MAY,4,2,0.437
PICKUP,6,5,1.668
SUV,1,0,1.143
SEDAN,6,2,0.903
SEDAN,7,2,0.974
SEDAN,10,6,1.585
SEDAN,5,1,0.905
XE_MAY,5,6,0.595
SUV,3,0,1.142
SEDAN,12,5,1.324
XE_MAY,10,1,0.601
SUV,14,1,1.223
SUV,11,5,1.642
SEDAN,16,6,1.571
PICKUP,22,0,1.278
XE_MAY,4,1,0.441
SEDAN,6,4,0.884
PICKUP,22,2,1.29
SUV,19,3,1.269
SEDAN,1,6,1.199
SEDAN,17,2,1.219
SEDAN,10,1,1.207
XE_MAY,20,6,0.656
SUV,4,6,1.497
PICKUP,6,5,1.646
XE_MAY,15,6,0.786
XE_MAY,5,4,0.441
PICKUP,20,6,1.817
SUV,15,4,1.519
PICKUP,5,2,1.243
SUV,16,5,1.915
PICKUP,22,3,1.246
PICKUP,8,4,1.654
PICKUP,20,6,1.789
XE_MAY,6,1,0.448
SEDAN,14,6,1.332
SEDAN,12,1,1.0
SUV,13,3,1.227
SEDAN,11,2,0.975
XE_MAY,4,6,0.592
XE_MAY,9,3,0.596
SUV,7,4,1.274
XE_MAY,14,4,0.505
SUV,13,3,1.272
PICKUP,13,3,1.381
SUV,15,2,1.517
SUV,12,0,1.232
SEDAN,14,1,1.026
SUV,20,0,1.26
SUV,2,2,1.113
XE_MAY,8,1,0.592
XE_MAY,3,0,0.442
SUV,1,4,1.138
SEDAN,10,1,1.18
SUV,8,2,1.509
SUV,6,5,1.442
SEDAN,22,5,1.181
SUV,0,6,1.49
SUV,9,6,1.983
SUV,12,3,1.27
XE_MAY,15,5,0.765
SEDAN,12,1,0.975
SEDAN,23,5,1.184
SEDAN,15,1,1.191
PICKUP,23,6,1.631
PICKUP,10,6,2.123
XE_MAY,10,6,0.769
SEDAN,13,6,1.264
PICKUP,6,3,1.289
PICKUP,17,0,1.654
SUV,4,4,1.129
SEDAN,9,5,1.517
XE_MAY,15,6,0.788
SUV,10,1,1.484
PICKUP,13,5,1.863
PICKUP,22,4,1.289
SUV,10,4,1.484
XE_MAY,18,6,0.666
XE_MAY,4,1,0.463
SUV,18,5,1.657
PICKUP,12,1,1.429
PICKUP,2,4,1.241
PICKUP,6,3,1.266
XE_MAY,10,4,0.584
PICKUP,20,2,1.366
XE_MAY,5,0,0.463
SEDAN,1,6,1.158
PICKUP,0,1,1.279
SEDAN,2,3,0.917
SUV,6,1,1.149
SUV,21,4,1.159
XE_MAY,14,0,0.492
SUV,16,0,1.459
SEDAN,10,6,1.552
PICKUP,12,1,1.369
XE_MAY,4,4,0.437
PICKUP,15,5,2.166
XE_MAY,12,6,0.661
SEDAN,4,6,1.175
SEDAN,9,3,1.187
PICKUP,5,4,1.272
SUV,18,1,1.23
PICKUP,8,1,1.631
XE_MAY,4,3,0.457
XE_MAY,12,4,0.504
SEDAN,16,2,1.219
PICKUP,14,3,1.361
XE_MAY,23,0,0.459
SUV,20,3,1.259
SUV,22,6,1.468
SUV,12,4,1.259
SEDAN,13,1,1.022
SEDAN,19,5,1.307
PICKUP,14,3,1.407
SEDAN,22,4,0.926
XE_MAY,12,5,0.66
XE_MAY,7,6,0.648
SEDAN,8,5,1.579
SUV,21,0,1.118
SEDAN,15,3,1.18
XE_MAY,11,0,0.503
XE_MAY,16,6,0.8
SUV,13,3,1.282
SEDAN,8,1,1.189
XE_MAY,14,0,0.501
XE_MAY,20,5,0.639
PICKUP,12,2,1.442
PICKUP,6,3,1.296
XE_MAY,0,2,0.454
XE_MAY,22,1,0.458
SUV,21,5,1.481
PICKUP,15,3,1.689
XE_MAY,2,4,0.438
SEDAN,22,3,0.898
SEDAN,15,6,1.576
SUV,5,1,1.137
XE_MAY,19,0,0.496
SEDAN,9,0,1.232
PICKUP,5,0,1.235
XE_MAY,21,2,0.45
SEDAN,14,2,1.011
SEDAN,6,5,1.184
XE_MAY,21,4,0.454
SEDAN,14,5,1.282
XE_MAY,20,6,0.637
XE_MAY,12,5,0.655
SUV,14,0,1.257
XE_MAY,1,6,0.574
PICKUP,6,1,1.276
SUV,7,1,1.247
XE_MAY,0,3,0.455
XE_MAY,0,2,0.459
SEDAN,21,5,1.147
XE_MAY,7,0,0.486
SEDAN,23,1,0.915
XE_MAY,13,4,0.503
XE_MAY,10,2,0.607
SEDAN,19,1,1.02
PICKUP,13,0,1.425
SEDAN,6,0,0.925
SUV,10,1,1.503
XE_MAY,12,5,0.65
SUV,0,3,1.118
SEDAN,14,1,0.979
XE_MAY,21,6,0.588
SUV,20,4,1.233
SUV,1,0,1.153
SEDAN,13,2,1.005
PICKUP,3,5,1.647
SEDAN,8,0,1.19
SUV,20,5,1.581
PICKUP,21,6,1.592
SEDAN,10,1,1.194
SUV,21,3,1.097
XE_MAY,10,0,0.604
PICKUP,12,4,1.432
SEDAN,16,4,1.228
XE_MAY,7,0,0.505
XE_MAY,9,1,0.59
PICKUP,7,4,1.43
XE_MAY,1,1,0.46
SUV,15,2,1.473
SEDAN,4,3,0.913
SEDAN,20,0,0.987
SEDAN,23,4,0.916
PICKUP,23,2,1.298
SEDAN,8,2,1.166
XE_MAY,16,6,0.799
PICKUP,20,6,1.833
SUV,0,1,1.157
SUV,10,1,1.497
SEDAN,17,0,1.225
SEDAN,21,5,1.139
SEDAN,19,6,1.287
PICKUP,16,2,1.636
SEDAN,14,5,1.337
XE_MAY,2,6,0.596
PICKUP,2,1,1.287
XE_MAY,20,1,0.513
SEDAN,4,0,0.878
SEDAN,18,4,0.993
SEDAN,7,4,0.974
XE_MAY,13,5,0.639
PICKUP,9,1,1.653
SEDAN,7,3,0.998
SEDAN,19,1,0.986
SUV,9,4,1.464
PICKUP,20,1,1.372
SUV,15,0,1.468
SUV,12,3,1.285
SEDAN,15,3,1.219
PICKUP,16,4,1.727
PICKUP,4,6,1.632
PICKUP,0,6,1.616
PICKUP,13,6,1.853
XE_MAY,9,4,0.594
SEDAN,17,5,1.541
SEDAN,8,3,1.181
PICKUP,9,3,1.643
SUV,12,4,1.232
PICKUP,2,2,1.249
SEDAN,22,3,0.909
SEDAN,4,1,0.876
XE_MAY,0,6,0.575
SUV,15,3,1.528
PICKUP,12,5,1.781
SUV,12,3,1.238
SUV,20,4,1.277
XE_MAY,13,0,0.49
XE_MAY,12,4,0.487
SEDAN,6,6,1.169
PICKUP,8,6,2.158
SUV,16,5,1.957
PICKUP,20,5,1.853
SUV,22,0,1.101
PICKUP,13,5,1.829
SEDAN,7,3,1.0
XE_MAY,11,5,0.636
XE_MAY,22,5,0.589
SEDAN,8,4,1.184
PICKUP,21,1,1.259
SUV,7,4,1.219
SEDAN,0,0,0.898
XE_MAY,20,5,0.642
PICKUP,12,5,1.855
XE_MAY,16,1,0.584
PICKUP,5,6,1.63
PICKUP,8,5,2.179
SUV,16,4,1.52
PICKUP,18,2,1.406
PICKUP,23,6,1.654
XE_MAY,3,5,0.595
SUV,4,2,1.149
SEDAN,23,3,0.89
SUV,0,1,1.128
PICKUP,0,0,1.286
XE_MAY,22,3,0.463
PICKUP,20,2,1.433
PICKUP,5,1,1.25
SUV,5,5,1.436
SEDAN,6,3,0.899
SEDAN,16,0,1.217
PICKUP,18,6,1.819
SEDAN,5,1,0.899
XE_MAY,23,1,0.459
SEDAN,8,6,1.547
PICKUP,14,5,1.859
XE_MAY,20,1,0.497
XE_MAY,9,0,0.594
PICKUP,3,2,1.257
XE_MAY,10,0,0.609
SEDAN,15,3,1.173
XE_MAY,0,0,0.442
SUV,0,5,1.502
XE_MAY,3,1,0.441
XE_MAY,12,4,0.502
SUV,15,3,1.507
SUV,19,3,1.249
SUV,11,5,1.639
SUV,10,6,1.918
SEDAN,11,5,1.304
PICKUP,12,4,1.389
XE_MAY,11,6,0.656
SUV,3,0,1.101
PICKUP,22,3,1.265
SEDAN,0,4,0.883
XE_MAY,16,2,0.592
SEDAN,11,3,0.983
PICKUP,16,3,1.648
SEDAN,0,5,1.193
SUV,0,5,1.444
SUV,1,6,1.5
SUV,21,3,1.157
SEDAN,19,3,1.004
PICKUP,23,4,1.233
XE_MAY,11,3,0.496
PICKUP,21,6,1.667
XE_MAY,23,3,0.446
SUV,19,1,1.219
SEDAN,16,4,1.204
XE_MAY,4,3,0.459
XE_MAY,9,6,0.794
PICKUP,5,3,1.235
XE_MAY,15,5,0.788
SEDAN,7,1,0.983
SEDAN,21,5,1.15
XE_MAY,3,3,0.46
XE_MAY,5,2,0.443
PICKUP,8,1,1.656
SUV,21,3,1.091
XE_MAY,21,1,0.46
PICKUP,2,6,1.667
SUV,7,4,1.26
XE_MAY,20,2,0.508
PICKUP,22,5,1.604
PICKUP,20,5,1.815
PICKUP,7,1,1.388
SUV,3,2,1.098
XE_MAY,3,0,0.45
SUV,23,4,1.153
SEDAN,23,0,0.875
SUV,4,6,1.444
SUV,12,4,1.228
XE_MAY,9,0,0.591
SEDAN,12,3,1.025
SUV,11,6,1.622
SEDAN,16,5,1.557
SEDAN,3,3,0.914
XE_MAY,17,6,0.764
PICKUP,10,1,1.679
SUV,7,3,1.245
PICKUP,4,4,1.267
SUV,4,5,1.506
XE_MAY,19,2,0.508
SUV,16,5,1.938
XE_MAY,8,6,0.795
PICKUP,20,6,1.784
SEDAN,15,2,1.166
PICKUP,1,6,1.609
SUV,4,6,1.448
SEDAN,23,6,1.171
SEDAN,22,5,1.178
XE_MAY,5,6,0.599
PICKUP,23,3,1.261
SUV,21,6,1.463
SEDAN,0,4,0.876
PICKUP,10,3,1.633
PICKUP,11,6,1.826
PICKUP,12,0,1.395
SUV,9,5,1.99
SEDAN,22,6,1.146
PICKUP,3,1,1.224
SUV,18,6,1.62
XE_MAY,22,2,0.443
PICKUP,20,1,1.362
SEDAN,14,5,1.318
PICKUP,9,1,1.641
SEDAN,6,6,1.178
SEDAN,23,5,1.155
XE_MAY,11,5,0.637
XE_MAY,21,6,0.581
SEDAN,12,3,1.018
SEDAN,1,0,0.894
SUV,15,1,1.523
XE_MAY,3,4,0.44
SUV,18,3,1.27
SEDAN,20,5,1.279
PICKUP,7,0,1.415
XE_MAY,7,3,0.502
PICKUP,9,5,2.24
SEDAN,20,5,1.291
PICKUP,22,6,1.595
XE_MAY,14,6,0.631
PICKUP,8,5,2.227
PICKUP,11,0,1.402
XE_MAY,3,0,0.457
XE_MAY,15,5,0.768
SEDAN,0,4,0.892
PICKUP,8,5,2.122
XE_MAY,18,1,0.514
PICKUP,15,5,2.206
PICKUP,9,4,1.724
SEDAN,3,2,0.887
XE_MAY,22,6,0.589
SEDAN,12,6,1.314
XE_MAY,12,4,0.495
PICKUP,2,4,1.286
XE_MAY,6,5,0.601
XE_MAY,5,6,0.599
SEDAN,0,4,0.913
PICKUP,10,0,1.658
XE_MAY,4,4,0.444
SEDAN,20,1,1.028
XE_MAY,17,2,0.582
XE_MAY,2,0,0.456
SUV,11,4,1.265
SEDAN,13,5,1.31
XE_MAY,7,2,0.515
XE_MAY,16,6,0.771
SUV,21,4,1.114
PICKUP,4,4,1.228
PICKUP,22,2,1.256
SUV,19,4,1.232
SEDAN,22,0,0.892
XE_MAY,7,0,0.51
SEDAN,4,2,0.924
SEDAN,4,4,0.883
SEDAN,18,2,0.992
SUV,4,5,1.5
PICKUP,2,4,1.227
SUV,8,3,1.463
SEDAN,12,3,0.98
XE_MAY,8,5,0.784
PICKUP,22,1,1.234
SEDAN,2,5,1.203
SUV,20,5,1.62
SEDAN,22,2,0.9
SEDAN,13,6,1.28
SEDAN,10,6,1.557
PICKUP,12,0,1.414
SEDAN,2,2,0.914
XE_MAY,17,0,0.609
PICKUP,2,2,1.266
XE_MAY,11,2,0.512
SUV,4,6,1.49
SEDAN,8,0,1.219
XE_MAY,12,1,0.487
PICKUP,3,6,1.59
XE_MAY,5,4,0.442
SUV,18,6,1.641
PICKUP,3,4,1.253
SUV,22,4,1.118
SUV,17,2,1.535
XE_MAY,1,1,0.461
SUV,12,1,1.281
SUV,23,5,1.446
PICKUP,15,4,1.699
SEDAN,8,0,1.184
SEDAN,21,1,0.883
SEDAN,12,4,0.981
SUV,1,5,1.449
SUV,22,6,1.456
SEDAN,21,4,0.918
PICKUP,22,3,1.231
SEDAN,14,2,1.014
PICKUP,16,2,1.683
SUV,13,4,1.234
SEDAN,9,5,1.559
XE_MAY,9,3,0.593
SUV,2,5,1.471
XE_MAY,2,5,0.583
SEDAN,2,1,0.882
XE_MAY,2,5,0.572
SUV,17,3,1.504
XE_MAY,13,5,0.666
SEDAN,15,3,1.189
XE_MAY,12,0,0.507
SEDAN,23,0,0.909
PICKUP,22,4,1.293
SUV,7,5,1.656
XE_MAY,19,3,0.502
SEDAN,21,6,1.181
SEDAN,5,0,0.922
SUV,4,4,1.118
SUV,1,3,1.113
PICKUP,12,1,1.359
SUV,3,2,1.147
SEDAN,17,6,1.588
XE_MAY,9,2,0.586
PICKUP,9,2,1.688
SEDAN,0,5,1.167
PICKUP,6,2,1.231
XE_MAY,14,4,0.514
PICKUP,1,2,1.238
XE_MAY,19,3,0.487
SUV,9,2,1.509
XE_MAY,0,2,0.456
SEDAN,12,2,0.972
XE_MAY,3,3,0.454
PICKUP,6,0,1.262
SEDAN,13,0,0.976
PICKUP,0,1,1.235
SUV,7,3,1.255
PICKUP,11,2,1.383
SUV,13,1,1.283
SUV,3,3,1.147
PICKUP,5,1,1.297
SUV,23,3,1.109
XE_MAY,11,6,0.668
SEDAN,3,1,0.896
SUV,1,1,1.115
PICKUP,13,5,1.771
SUV,1,1,1.095
SEDAN,15,5,1.578
SUV,3,3,1.122
PICKUP,17,3,1.652
SEDAN,10,6,1.571
PICKUP,16,5,2.152
PICKUP,4,0,1.266
XE_MAY,0,1,0.446
SEDAN,11,4,1.019
XE_MAY,21,1,0.459
XE_MAY,21,6,0.584
SUV,13,4,1.239
XE_MAY,13,3,0.496
SUV,9,3,1.528
XE_MAY,13,1,0.495
SEDAN,23,4,0.884
SEDAN,7,2,0.975
XE_MAY,8,5,0.778
SEDAN,21,6,1.169
PICKUP,6,3,1.286
XE_MAY,22,5,0.575
SEDAN,6,6,1.162
SEDAN,7,0,1.019
SEDAN,12,0,1.019
SUV,6,1,1.117
PICKUP,0,4,1.257
SEDAN,2,6,1.156
XE_MAY,12,3,0.513
SUV,22,5,1.429
SEDAN,7,2,1.026
PICKUP,15,0,1.699
PICKUP,20,0,1.403
SUV,3,2,1.093
SUV,8,2,1.498
PICKUP,7,2,1.392
XE_MAY,5,0,0.441
XE_MAY,1,5,0.59
SUV,6,2,1.157
PICKUP,8,4,1.686
XE_MAY,13,1,0.506
SUV,15,2,1.461
SUV,9,0,1.493
XE_MAY,21,0,0.44
SEDAN,10,2,1.208
SUV,23,6,1.501
SUV,7,5,1.641
SUV,6,4,1.096
PICKUP,2,0,1.249
SEDAN,20,5,1.304
XE_MAY,1,4,0.447
SEDAN,6,5,1.193
PICKUP,3,0,1.284
SUV,9,5,1.963
PICKUP,6,4,1.25
SEDAN,1,1,0.887
SEDAN,13,4,0.976
SUV,17,2,1.487
SUV,14,5,1.617
XE_MAY,13,0,0.505
PICKUP,13,4,1.413
XE_MAY,5,4,0.438
SUV,22,1,1.118
SUV,1,4,1.104
XE_MAY,22,1,0.441
PICKUP,15,5,2.227
XE_MAY,5,3,0.438
PICKUP,17,6,2.173
PICKUP,12,4,1.372
SUV,6,1,1.151
XE_MAY,5,4,0.452
SEDAN,18,5,1.279
XE_MAY,16,3,0.6
SUV,9,6,1.977
SEDAN,9,5,1.603
SUV,17,0,1.475
SEDAN,7,0,1.023
SEDAN,9,0,1.231
SEDAN,8,1,1.23
SUV,1,5,1.474
SEDAN,6,4,0.907
XE_MAY,0,5,0.582
SUV,20,4,1.269
SUV,10,0,1.503
SUV,23,1,1.137
PICKUP,19,2,1.394
SUV,1,5,1.483
XE_MAY,11,1,0.51
SUV,5,2,1.101
XE_MAY,17,5,0.796
XE_MAY,23,5,0.586
PICKUP,20,2,1.429
SEDAN,14,1,0.996
SUV,8,1,1.489
PICKUP,4,3,1.291
SEDAN,23,5,1.153
PICKUP,11,1,1.429
PICKUP,2,3,1.259
SEDAN,14,1,1.001
SEDAN,6,4,0.89
PICKUP,23,1,1.266
SUV,0,2,1.113
SEDAN,5,6,1.138
PICKUP,21,4,1.243
SEDAN,2,1,0.873
XE_MAY,13,1,0.514
PICKUP,20,3,1.439
XE_MAY,23,4,0.447
SEDAN,23,6,1.186
XE_MAY,19,0,0.495
PICKUP,12,0,1.414
XE_MAY,0,6,0.596
XE_MAY,4,1,0.462
XE_MAY,8,1,0.596
XE_MAY,0,6,0.595
XE_MAY,17,5,0.769
SUV,22,0,1.158
SEDAN,4,3,0.874
PICKUP,5,2,1.268
SUV,15,1,1.514
SEDAN,1,4,0.91
SUV,20,4,1.222
XE_MAY,0,6,0.6
XE_MAY,3,4,0.441
SUV,3,4,1.133
PICKUP,4,0,1.239
SEDAN,0,1,0.89
PICKUP,12,1,1.404
SUV,20,2,1.244
SEDAN,21,3,0.882
XE_MAY,15,1,0.588
XE_MAY,7,0,0.498
SUV,11,0,1.269
SUV,3,2,1.152
XE_MAY,1,4,0.439
SEDAN,5,3,0.894
SUV,19,1,1.22
PICKUP,4,5,1.59
SUV,19,6,1.641
SUV,11,0,1.258
SUV,15,5,1.911
SUV,8,6,1.919
XE_MAY,0,6,0.568
SEDAN,20,1,1.02
SUV,4,3,1.157
PICKUP,23,6,1.602
PICKUP,2,0,1.24
PICKUP,23,2,1.288
SEDAN,2,2,0.923
SEDAN,5,6,1.164
PICKUP,11,2,1.362
PICKUP,13,3,1.361
PICKUP,19,6,1.828
SUV,4,6,1.453
SEDAN,12,3,0.972
PICKUP,17,4,1.688
PICKUP,17,4,1.631
SEDAN,12,0,1.017
PICKUP,16,4,1.66
SEDAN,22,0,0.875
SEDAN,11,0,1.005
SEDAN,0,2,0.894
PICKUP,4,0,1.296
XE_MAY,11,2,0.501
SEDAN,9,3,1.184
SEDAN,17,3,1.215
SEDAN,6,6,1.154
SEDAN,1,5,1.198
SEDAN,3,5,1.161
SEDAN,12,5,1.304
XE_MAY,22,3,0.438
SUV,1,5,1.456
XE_MAY,21,4,0.459
XE_MAY,15,6,0.794
SEDAN,0,1,0.885
SUV,4,0,1.107
SEDAN,2,0,0.917
PICKUP,4,6,1.68
SEDAN,15,5,1.522
SEDAN,23,4,0.897
SUV,15,3,1.485
SUV,14,6,1.661
XE_MAY,9,0,0.585
SEDAN,1,5,1.15
XE_MAY,19,6,0.66
SEDAN,16,1,1.168
XE_MAY,12,6,0.65
PICKUP,21,3,1.256
SUV,18,4,1.238
SUV,22,1,1.118
PICKUP,5,2,1.262
XE_MAY,16,3,0.588
SEDAN,23,1,0.904
PICKUP,19,0,1.426
SEDAN,12,1,1.016
XE_MAY,22,3,0.441
PICKUP,10,5,2.138
PICKUP,12,1,1.381
XE_MAY,11,5,0.645
PICKUP,6,2,1.253
XE_MAY,3,0,0.455
SUV,19,6,1.582
SUV,0,1,1.094
SUV,5,4,1.118
XE_MAY,2,1,0.455
XE_MAY,9,1,0.589
SEDAN,20,0,1.008
SEDAN,8,0,1.183
XE_MAY,18,6,0.665
PICKUP,1,0,1.29
SUV,2,2,1.111
XE_MAY,11,6,0.639
SUV,12,4,1.243
SEDAN,10,6,1.536
PICKUP,23,2,1.273
SEDAN,22,5,1.193
XE_MAY,10,3,0.606
XE_MAY,16,6,0.795
SEDAN,0,4,0.894
PICKUP,15,4,1.645
XE_MAY,9,1,0.609
SEDAN,21,3,0.892
XE_MAY,20,0,0.505
SEDAN,6,6,1.154
SEDAN,22,1,0.877
SUV,14,6,1.673
SEDAN,10,2,1.175
SUV,19,6,1.673
PICKUP,1,5,1.685
PICKUP,7,1,1.425
XE_MAY,4,4,0.454
PICKUP,3,6,1.646
XE_MAY,4,6,0.598
SUV,17,6,1.925
XE_MAY,15,0,0.599
PICKUP,10,1,1.692
SUV,5,0,1.119
SUV,18,2,1.245
SUV,2,0,1.114
SEDAN,22,6,1.175
PICKUP,8,3,1.715
SUV,14,5,1.596
SEDAN,3,4,0.923
PICKUP,1,2,1.274
SUV,12,3,1.274
SEDAN,14,2,1.003
SUV,11,0,1.271
PICKUP,16,3,1.631
SUV,21,0,1.146
XE_MAY,23,6,0.569
SEDAN,22,6,1.197
XE_MAY,4,6,0.602
XE_MAY,9,3,0.593
SEDAN,18,3,0.983
XE_MAY,7,3,0.508
PICKUP,21,0,1.241
SUV,14,3,1.277
PICKUP,3,0,1.23
SEDAN,23,0,0.88
PICKUP,13,1,1.44
PICKUP,10,0,1.698
SUV,10,4,1.531
PICKUP,6,5,1.621
PICKUP,3,2,1.273
PICKUP,1,4,1.267
SEDAN,15,1,1.207
SEDAN,10,4,1.213
XE_MAY,19,6,0.653
PICKUP,1,6,1.631
SUV,13,3,1.233
SEDAN,1,1,0.915
XE_MAY,21,3,0.443
SUV,8,5,1.973
SEDAN,2,1,0.886
XE_MAY,8,3,0.605
XE_MAY,9,6,0.792
PICKUP,13,4,1.376
SEDAN,21,2,0.876
SEDAN,1,0,0.88
PICKUP,10,6,2.198
SUV,5,1,1.149
SUV,13,3,1.216
PICKUP,17,5,2.215
SEDAN,22,3,0.891
SUV,22,4,1.124
PICKUP,0,4,1.292
SEDAN,2,5,1.158
SEDAN,10,5,1.557
SUV,0,1,1.092
PICKUP,4,3,1.228
SUV,3,6,1.441
PICKUP,8,4,1.632
XE_MAY,14,6,0.655
SEDAN,20,3,0.996
XE_MAY,1,1,0.451
SEDAN,13,5,1.275
SEDAN,19,3,0.988
SEDAN,11,1,1.01
SEDAN,21,4,0.925
XE_MAY,11,6,0.632
SUV,0,2,1.151
SUV,16,6,1.959
XE_MAY,22,3,0.452
PICKUP,13,3,1.4
SUV,11,6,1.583
PICKUP,16,6,2.13
SUV,3,1,1.132
PICKUP,13,2,1.387
SEDAN,17,4,1.23
SEDAN,17,3,1.193
PICKUP,9,6,2.137
PICKUP,20,2,1.418
XE_MAY,2,6,0.578
XE_MAY,2,5,0.586
XE_MAY,19,3,0.506
XE_MAY,15,5,0.799
XE_MAY,20,3,0.509
XE_MAY,21,2,0.455
PICKUP,6,1,1.274
PICKUP,17,3,1.725
XE_MAY,6,6,0.578
PICKUP,3,2,1.222
PICKUP,13,6,1.795
PICKUP,0,2,1.239
SEDAN,16,2,1.212
SUV,21,2,1.134
SUV,13,5,1.634
SEDAN,0,3,0.874
XE_MAY,0,0,0.456
SEDAN,11,6,1.286
SUV,10,1,1.515
PICKUP,7,4,1.405
PICKUP,6,4,1.248
PICKUP,1,6,1.602
PICKUP,4,5,1.598
PICKUP,23,1,1.285
PICKUP,10,4,1.722
SEDAN,13,1,1.009
XE_MAY,22,6,0.571
SEDAN,16,0,1.193
PICKUP,20,2,1.419
SEDAN,10,1,1.22
XE_MAY,2,0,0.44
PICKUP,0,5,1.589
SEDAN,0,4,0.911
XE_MAY,18,3,0.496
XE_MAY,23,5,0.576
SEDAN,14,5,1.262
SUV,5,1,1.128
SEDAN,9,1,1.225
SEDAN,23,6,1.202
PICKUP,8,5,2.193
XE_MAY,8,0,0.601
SEDAN,20,0,0.975
XE_MAY,3,3,0.451
XE_MAY,3,1,0.447
SUV,8,1,1.51
XE_MAY,2,3,0.447
SUV,6,3,1.107
XE_MAY,15,6,0.761
XE_MAY,13,0,0.494
PICKUP,20,0,1.366
SEDAN,21,3,0.883
PICKUP,10,5,2.248
PICKUP,5,1,1.256
SUV,0,1,1.127
XE_MAY,3,2,0.46
SUV,15,4,1.545
XE_MAY,5,4,0.452
SUV,3,1,1.146
XE_MAY,17,0,0.594
SEDAN,6,6,1.156
SUV,3,1,1.118
XE_MAY,10,1,0.606
SEDAN,2,5,1.183
SEDAN,8,2,1.187
PICKUP,6,0,1.232
SUV,22,4,1.134
SUV,14,5,1.589
PICKUP,13,4,1.407
PICKUP,6,2,1.275
SEDAN,6,5,1.184
SUV,12,0,1.269
SUV,5,6,1.495
SEDAN,23,3,0.9
PICKUP,14,3,1.419
SUV,10,4,1.511
XE_MAY,19,3,0.491
PICKUP,6,4,1.224
SUV,11,5,1.604
XE_MAY,14,1,0.498
XE_MAY,16,2,0.604
PICKUP,9,4,1.715
SUV,12,0,1.227
XE_MAY,5,6,0.572
SUV,13,6,1.67
SEDAN,11,1,0.976
XE_MAY,6,5,0.584
SUV,11,1,1.256
SUV,3,0,1.128
SUV,22,0,1.097
SUV,6,3,1.095
SUV,7,4,1.22
XE_MAY,12,2,0.503
SEDAN,16,1,1.203
XE_MAY,17,2,0.59
XE_MAY,18,5,0.655
PICKUP,21,6,1.669
PICKUP,10,6,2.124
SUV,6,1,1.125
XE_MAY,15,3,0.607
XE_MAY,8,3,0.591
XE_MAY,3,3,0.445
SEDAN,19,2,1.007
PICKUP,7,4,1.433
XE_MAY,9,0,0.611
XE_MAY,14,2,0.502
SEDAN,12,0,1.014
XE_MAY,10,5,0.774
XE_MAY,2,3,0.454
XE_MAY,13,5,0.649
SUV,8,2,1.472
SUV,12,0,1.265
SUV,15,4,1.505
XE_MAY,12,2,0.496
PICKUP,15,6,2.238
XE_MAY,11,4,0.486
XE_MAY,0,1,0.445
XE_MAY,0,1,0.438
XE_MAY,10,6,0.792
PICKUP,7,1,1.417
XE_MAY,6,5,0.579
SUV,17,0,1.516
XE_MAY,8,6,0.775
XE_MAY,3,0,0.457
SUV,2,2,1.122
SUV,22,4,1.119
PICKUP,8,5,2.241
SEDAN,4,4,0.887
PICKUP,3,1,1.231
SUV,4,6,1.47
PICKUP,20,3,1.439
XE_MAY,16,4,0.596
SEDAN,18,3,0.974
PICKUP,8,2,1.664
PICKUP,7,0,1.4
SUV,9,5,1.91
XE_MAY,11,4,0.505
SEDAN,21,5,1.205
SEDAN,22,0,0.897
XE_MAY,15,0,0.595
SEDAN,0,5,1.163
SEDAN,14,6,1.27
PICKUP,6,3,1.289
XE_MAY,10,1,0.597
SUV,9,5,1.937
PICKUP,20,1,1.413
XE_MAY,4,1,0.448
SUV,12,3,1.261
SEDAN,12,1,0.974
XE_MAY,8,3,0.611
SEDAN,21,2,0.924
XE_MAY,4,3,0.454
XE_MAY,23,0,0.462
SEDAN,0,3,0.881
SEDAN,8,0,1.198
PICKUP,21,4,1.268
PICKUP,11,2,1.407
XE_MAY,17,0,0.596
SUV,13,1,1.238
SEDAN,12,4,0.978
PICKUP,16,2,1.669
XE_MAY,14,2,0.49
SUV,3,0,1.141
PICKUP,23,3,1.238
SEDAN,9,1,1.168
PICKUP,5,4,1.264
SUV,16,4,1.509
PICKUP,16,3,1.717
XE_MAY,21,0,0.452
SEDAN,3,1,0.892
XE_MAY,1,0,0.458
SUV,7,0,1.253
XE_MAY,8,1,0.585
PICKUP,12,3,1.406
XE_MAY,7,5,0.666
SUV,15,1,1.491
SEDAN,6,2,0.889
SUV,22,4,1.101
SUV,23,0,1.101
XE_MAY,5,4,0.448
PICKUP,23,2,1.267
SEDAN,5,2,0.877
XE_MAY,5,1,0.462
SUV,14,1,1.269
XE_MAY,21,3,0.452
PICKUP,10,0,1.713
SEDAN,8,0,1.17
SEDAN,21,6,1.168
XE_MAY,19,2,0.504
PICKUP,18,0,1.428
PICKUP,7,3,1.424
XE_MAY,1,6,0.577
XE_MAY,18,5,0.667
SUV,7,4,1.222
SEDAN,4,6,1.196
XE_MAY,3,2,0.463
SUV,14,3,1.226
SUV,17,2,1.52
PICKUP,8,2,1.634
PICKUP,0,6,1.629
SUV,9,5,1.952
SUV,16,6,1.959
PICKUP,3,2,1.293
XE_MAY,4,3,0.455
SEDAN,21,1,0.899
SUV,15,0,1.528
SEDAN,18,5,1.335
PICKUP,11,1,1.36
XE_MAY,6,3,0.463
XE_MAY,8,5,0.761
PICKUP,16,1,1.712
SUV,21,2,1.11
SUV,12,4,1.222
PICKUP,8,2,1.674
SEDAN,1,4,0.908
SUV,19,0,1.241
PICKUP,14,4,1.363
SUV,9,0,1.509
XE_MAY,15,5,0.799
SEDAN,14,5,1.291
SEDAN,16,2,1.18
SEDAN,9,3,1.196
SUV,2,6,1.423
SUV,0,3,1.147
XE_MAY,6,2,0.459
XE_MAY,1,3,0.452
SUV,0,3,1.115
SUV,21,6,1.489
XE_MAY,1,2,0.451
SEDAN,11,2,1.02
SEDAN,2,5,1.179
SUV,4,5,1.487
SEDAN,13,4,1.006
XE_MAY,9,1,0.597
XE_MAY,15,2,0.616
SEDAN,21,5,1.173
PICKUP,13,3,1.409
XE_MAY,8,2,0.59
SUV,5,4,1.133
PICKUP,21,2,1.265
SEDAN,21,6,1.148
SEDAN,8,1,1.168
PICKUP,17,1,1.691
SUV,9,0,1.524
SUV,18,5,1.627
PICKUP,17,1,1.652
PICKUP,13,0,1.414
SEDAN,16,3,1.17
SUV,16,5,1.943
SUV,14,2,1.225
PICKUP,14,3,1.373
PICKUP,14,0,1.375
XE_MAY,13,0,0.497
SEDAN,19,2,0.973
SEDAN,18,4,0.994
SUV,4,4,1.126
SUV,1,6,1.461
PICKUP,4,3,1.251
XE_MAY,14,6,0.663
PICKUP,1,0,1.233
XE_MAY,8,6,0.78
XE_MAY,10,4,0.584
XE_MAY,9,4,0.585
PICKUP,22,2,1.266
XE_MAY,3,5,0.587
XE_MAY,22,1,0.46
SEDAN,17,5,1.565
PICKUP,4,1,1.295
SEDAN,9,5,1.518
SUV,23,0,1.098
PICKUP,19,5,1.77
SEDAN,3,0,0.883
XE_MAY,4,4,0.451
XE_MAY,16,0,0.605
SEDAN,6,0,0.875
PICKUP,0,6,1.682
PICKUP,12,0,1.429
XE_MAY,9,3,0.593
PICKUP,5,6,1.596
SEDAN,17,2,1.176
PICKUP,21,4,1.232
XE_MAY,13,1,0.489
XE_MAY,5,1,0.451
SEDAN,5,4,0.886
SEDAN,15,3,1.19
SUV,9,5,2.007
XE_MAY,18,3,0.506
SUV,21,2,1.155
PICKUP,12,5,1.781
XE_MAY,14,3,0.496
PICKUP,4,0,1.264
SUV,14,0,1.218
PICKUP,0,4,1.223
SUV,1,5,1.477
PICKUP,1,2,1.271
SEDAN,14,5,1.293
PICKUP,8,0,1.679
SEDAN,11,4,0.995
SEDAN,11,5,1.263
PICKUP,16,0,1.663
SEDAN,20,1,0.981
SUV,20,5,1.586
SUV,14,5,1.67
SEDAN,8,6,1.569
SUV,12,0,1.267
PICKUP,12,3,1.384
SEDAN,18,5,1.292
SUV,4,5,1.439
SUV,18,4,1.22
SUV,18,4,1.226
PICKUP,2,0,1.282
XE_MAY,23,1,0.455
SEDAN,3,5,1.173
XE_MAY,15,5,0.779
PICKUP,10,6,2.239
SEDAN,23,6,1.14
SEDAN,3,1,0.888
PICKUP,13,0,1.387
XE_MAY,19,2,0.508
XE_MAY,1,6,0.602
XE_MAY,14,6,0.64
SUV,19,5,1.661
XE_MAY,5,2,0.459
XE_MAY,22,3,0.443
PICKUP,4,5,1.628
SEDAN,6,2,0.895
PICKUP,14,5,1.872
SUV,7,1,1.226
SEDAN,13,6,1.323
SEDAN,2,4,0.891
XE_MAY,20,5,0.659
XE_MAY,6,0,0.448
SEDAN,0,2,0.904
PICKUP,18,4,1.428
XE_MAY,10,1,0.611
PICKUP,6,6,1.674
SEDAN,18,6,1.266
PICKUP,16,2,1.699
SUV,19,4,1.223
SEDAN,2,3,0.895
PICKUP,20,3,1.404
XE_MAY,18,0,0.497
SEDAN,16,2,1.201
XE_MAY,3,3,0.463
SEDAN,1,4,0.88
SUV,0,1,1.137
SUV,8,3,1.491
SUV,2,6,1.43
SEDAN,9,0,1.175
SEDAN,16,4,1.232
SUV,12,4,1.278
XE_MAY,17,5,0.799
XE_MAY,18,3,0.515
SUV,20,0,1.228
XE_MAY,10,3,0.595
SUV,6,2,1.136
XE_MAY,4,1,0.45
SUV,21,0,1.119
SEDAN,15,0,1.19
XE_MAY,11,0,0.503
PICKUP,19,5,1.828
XE_MAY,17,3,0.588
SEDAN,8,5,1.557
XE_MAY,3,0,0.451
PICKUP,16,1,1.687
SUV,13,3,1.228
SUV,7,0,1.268
XE_MAY,0,6,0.568
SEDAN,17,4,1.19
PICKUP,21,5,1.666
XE_MAY,17,3,0.602
XE_MAY,12,6,0.641
PICKUP,22,1,1.275
PICKUP,22,3,1.265
SEDAN,3,3,0.916
XE_MAY,19,2,0.507
SUV,6,2,1.132
PICKUP,1,1,1.259
SEDAN,2,4,0.88
XE_MAY,7,3,0.493
XE_MAY,0,6,0.582
SEDAN,1,0,0.905
XE_MAY,4,3,0.45
SEDAN,9,0,1.185
SUV,11,4,1.213
SEDAN,9,1,1.2
PICKUP,15,5,2.156
XE_MAY,21,0,0.456
XE_MAY,8,4,0.583
SEDAN,15,5,1.568
SUV,7,3,1.283
SUV,11,6,1.593
SUV,20,1,1.248
SUV,10,5,1.902
XE_MAY,1,2,0.453
PICKUP,22,4,1.264
PICKUP,8,0,1.671
SEDAN,4,6,1.172
SEDAN,9,5,1.597
SEDAN,3,2,0.884
SEDAN,1,1,0.874
PICKUP,20,6,1.859
PICKUP,3,0,1.266
PICKUP,1,2,1.29
SUV,18,3,1.257
SUV,2,0,1.146
SUV,19,3,1.245
PICKUP,0,6,1.663
PICKUP,12,3,1.435
XE_MAY,7,1,0.502
PICKUP,5,5,1.607
PICKUP,17,0,1.657
SUV,1,4,1.105
SUV,0,4,1.108
SUV,8,6,1.927
SEDAN,0,2,0.903
PICKUP,13,6,1.83
XE_MAY,3,4,0.448
PICKUP,23,5,1.649
SUV,17,3,1.462
PICKUP,18,5,1.775
SUV,5,3,1.103
PICKUP,23,1,1.261
SEDAN,0,2,0.885
SUV,2,1,1.11
SUV,10,4,1.491
PICKUP,1,4,1.284
SUV,11,2,1.214
SUV,20,6,1.64
XE_MAY,3,2,0.455
SUV,8,6,1.985
SEDAN,14,3,1.026
XE_MAY,14,0,0.486
PICKUP,1,2,1.234
PICKUP,20,6,1.862
SEDAN,13,0,0.998
XE_MAY,8,4,0.602
SUV,2,3,1.136
SEDAN,8,6,1.577
SUV,8,6,2.001
PICKUP,4,1,1.298
SEDAN,4,6,1.185
XE_MAY,7,0,0.494
XE_MAY,5,5,0.598
PICKUP,18,2,1.362
XE_MAY,17,5,0.767
SEDAN,1,5,1.198
SUV,8,0,1.478
SUV,17,5,1.917
XE_MAY,19,1,0.489
SUV,3,0,1.149
PICKUP,3,4,1.26
XE_MAY,7,1,0.505
SUV,18,2,1.23
PICKUP,2,5,1.663
PICKUP,9,1,1.706
XE_MAY,10,4,0.593
SUV,10,3,1.492
SUV,15,2,1.474
XE_MAY,5,2,0.463
XE_MAY,9,1,0.605
XE_MAY,3,4,0.462
SEDAN,10,4,1.186
SUV,6,3,1.144
XE_MAY,21,5,0.594
SEDAN,12,6,1.315
XE_MAY,2,1,0.463
PICKUP,17,5,2.17
XE_MAY,16,6,0.763
XE_MAY,19,3,0.505
PICKUP,10,2,1.703
SEDAN,18,2,1.005
SEDAN,10,1,1.179
SUV,7,3,1.25
SUV,23,0,1.112
SEDAN,14,5,1.294
PICKUP,11,0,1.412
SUV,17,4,1.522
XE_MAY,11,5,0.64
PICKUP,19,1,1.392
PICKUP,13,1,1.381
SEDAN,17,1,1.178
PICKUP,21,4,1.281
SEDAN,19,2,1.025
SUV,10,2,1.488
XE_MAY,2,3,0.457
PICKUP,16,1,1.72
PICKUP,20,6,1.858
SEDAN,5,3,0.883
XE_MAY,5,0,0.462
PICKUP,8,6,2.168
PICKUP,23,0,1.248
SEDAN,1,6,1.139
PICKUP,0,5,1.637
SEDAN,2,1,0.879
PICKUP,13,2,1.379
SEDAN,12,5,1.286
SEDAN,22,2,0.917
XE_MAY,10,6,0.798
SUV,18,4,1.235
XE_MAY,23,0,0.46
XE_MAY,23,2,0.46
PICKUP,13,5,1.849
PICKUP,23,6,1.603
PICKUP,9,6,2.209
PICKUP,22,1,1.294
SEDAN,23,6,1.183
XE_MAY,4,0,0.445
SUV,21,5,1.463
PICKUP,12,2,1.412
PICKUP,5,4,1.261
SUV,3,1,1.099
SUV,15,2,1.483
XE_MAY,18,4,0.509
PICKUP,9,2,1.716
PICKUP,10,6,2.136
SEDAN,4,0,0.924
SEDAN,13,4,0.99
SUV,18,4,1.262
SUV,3,2,1.142
SUV,5,0,1.146
SUV,8,3,1.54
PICKUP,7,1,1.384
SUV,8,4,1.532
XE_MAY,7,5,0.636
SUV,4,0,1.139
SEDAN,17,6,1.583
SEDAN,0,4,0.91
XE_MAY,17,4,0.591
SEDAN,0,3,0.92
XE_MAY,11,1,0.49
SUV,18,3,1.217
PICKUP,16,1,1.702
PICKUP,9,0,1.678
XE_MAY,14,3,0.51
PICKUP,8,0,1.668
SEDAN,8,5,1.529
XE_MAY,11,6,0.663
XE_MAY,23,6,0.587
SEDAN,23,0,0.883
SUV,5,4,1.14
SUV,8,3,1.501
XE_MAY,22,5,0.589
SUV,1,3,1.122
XE_MAY,22,6,0.597
SUV,6,6,1.491
XE_MAY,20,5,0.658
XE_MAY,7,1,0.488
PICKUP,7,5,1.857
SEDAN,8,3,1.212
SEDAN,15,6,1.578
SEDAN,23,3,0.893
SUV,4,1,1.151
XE_MAY,16,6,0.791
SEDAN,0,3,0.879
XE_MAY,15,4,0.597
SEDAN,22,1,0.921
XE_MAY,13,5,0.632
SUV,19,3,1.285
SEDAN,20,2,1.011
PICKUP,16,5,2.201
SEDAN,9,6,1.539
SEDAN,9,5,1.536
PICKUP,15,6,2.242
PICKUP,19,2,1.383
PICKUP,9,0,1.708
SEDAN,3,6,1.162
SUV,13,3,1.223
SUV,7,5,1.577
PICKUP,3,1,1.263
PICKUP,10,5,2.246
XE_MAY,11,5,0.645
PICKUP,22,1,1.249
PICKUP,15,4,1.664
PICKUP,21,1,1.262
XE_MAY,9,2,0.598
SEDAN,13,0,1.023
SUV,8,5,1.951
SUV,13,3,1.251
PICKUP,13,3,1.37
SUV,1,2,1.158
PICKUP,23,1,1.241
SUV,20,6,1.583
XE_MAY,9,3,0.606
PICKUP,7,4,1.408
SEDAN,17,1,1.194
XE_MAY,19,4,0.498
SUV,4,4,1.144
XE_MAY,23,0,0.442
PICKUP,2,6,1.669
SUV,11,6,1.64
XE_MAY,20,0,0.498
SEDAN,11,4,0.997
SEDAN,5,6,1.153
PICKUP,22,1,1.279
SUV,5,2,1.126
SUV,13,1,1.237
SEDAN,0,0,0.905
XE_MAY,16,0,0.618
PICKUP,15,0,1.673
SEDAN,9,2,1.23
XE_MAY,7,5,0.644
SEDAN,1,2,0.876
XE_MAY,12,5,0.638
PICKUP,4,6,1.63
SUV,2,0,1.106
XE_MAY,16,5,0.757
PICKUP,0,0,1.291
SEDAN,3,5,1.194
PICKUP,6,6,1.662
SUV,10,3,1.47
XE_MAY,9,2,0.586
PICKUP,6,0,1.227
SUV,20,4,1.267
PICKUP,12,2,1.436
PICKUP,2,1,1.255
PICKUP,17,2,1.642
PICKUP,9,5,2.186
SEDAN,12,0,0.991
PICKUP,23,3,1.251
SUV,17,5,1.964
XE_MAY,14,1,0.507
XE_MAY,12,6,0.635
SEDAN,14,2,0.972
PICKUP,18,0,1.442
SUV,10,1,1.476
XE_MAY,3,4,0.438
SEDAN,6,6,1.148
PICKUP,18,1,1.361
XE_MAY,4,3,0.447
PICKUP,16,5,2.224
SEDAN,1,6,1.159
PICKUP,8,3,1.674
SUV,23,2,1.137
SEDAN,1,2,0.9
PICKUP,0,2,1.287
SEDAN,17,6,1.594
PICKUP,17,3,1.631
SUV,20,1,1.271
SUV,14,5,1.621
PICKUP,16,4,1.729
XE_MAY,3,3,0.45
XE_MAY,12,1,0.515
XE_MAY,5,4,0.457
XE_MAY,5,1,0.443
PICKUP,3,0,1.263
PICKUP,15,1,1.73
PICKUP,4,5,1.673
PICKUP,12,0,1.366
SUV,3,3,1.139
SUV,23,5,1.449
SUV,16,2,1.456
SUV,18,5,1.616
SEDAN,4,2,0.886
SEDAN,19,5,1.325
SUV,16,4,1.485
SUV,15,3,1.529
SEDAN,10,5,1.513
SEDAN,5,4,0.89
PICKUP,0,2,1.24
PICKUP,5,1,1.24
PICKUP,2,0,1.227
SUV,22,1,1.104
SEDAN,22,0,0.903
PICKUP,10,0,1.659
XE_MAY,19,3,0.498
SEDAN,2,2,0.893
SEDAN,11,5,1.329
XE_MAY,6,2,0.461
SUV,13,4,1.249
SUV,11,4,1.237
PICKUP,8,4,1.64
SEDAN,2,4,0.924
SEDAN,3,5,1.139
SEDAN,8,1,1.185
SUV,18,0,1.235
SEDAN,16,4,1.187
PICKUP,10,4,1.646
SUV,23,6,1.487
PICKUP,6,1,1.231
XE_MAY,7,1,0.504
XE_MAY,19,1,0.489
SEDAN,5,3,0.877
XE_MAY,10,0,0.615
XE_MAY,4,4,0.442
PICKUP,13,5,1.855
PICKUP,10,2,1.684
XE_MAY,7,4,0.487
PICKUP,12,6,1.87
PICKUP,22,3,1.241
SUV,9,6,1.992
SUV,16,0,1.47
SEDAN,5,5,1.195
SUV,22,1,1.092
PICKUP,17,3,1.681
PICKUP,22,6,1.664
SUV,21,0,1.154
PICKUP,20,2,1.434
SEDAN,0,6,1.192
SUV,14,6,1.663
SUV,23,3,1.105
SEDAN,19,4,0.987
SEDAN,12,2,0.987
SEDAN,23,0,0.893
SEDAN,14,2,0.994
SEDAN,0,4,0.902
SUV,10,0,1.469
SUV,8,4,1.517
XE_MAY,19,2,0.49
XE_MAY,20,2,0.494
PICKUP,12,0,1.4
SUV,8,5,1.985
XE_MAY,18,6,0.659
XE_MAY,22,3,0.454
PICKUP,15,1,1.645
PICKUP,23,6,1.643
XE_MAY,1,2,0.439
XE_MAY,19,5,0.645
SEDAN,22,5,1.164
SEDAN,4,0,0.875
PICKUP,3,0,1.243
PICKUP,20,5,1.87
XE_MAY,10,0,0.616
SUV,6,5,1.45
XE_MAY,10,6,0.759
SUV,22,1,1.103
SUV,16,0,1.49
PICKUP,13,6,1.869
XE_MAY,2,1,0.44
SEDAN,23,2,0.914
XE_MAY,5,3,0.439
XE_MAY,8,4,0.617
SEDAN,22,4,0.894
PICKUP,5,5,1.665
XE_MAY,9,2,0.594
SUV,3,2,1.134
PICKUP,18,6,1.786
XE_MAY,18,3,0.489
XE_MAY,3,0,0.462
SEDAN,23,0,0.923
SEDAN,10,4,1.228
XE_MAY,5,6,0.589
XE_MAY,6,5,0.596
SUV,14,0,1.218
SEDAN,9,6,1.545
SEDAN,23,6,1.157
SEDAN,9,0,1.21
PICKUP,22,2,1.249
SEDAN,8,1,1.175
SUV,13,1,1.257
SEDAN,8,1,1.223
SEDAN,9,2,1.192
PICKUP,8,0,1.643
PICKUP,11,4,1.375
SUV,11,6,1.599
PICKUP,20,5,1.798
SEDAN,1,6,1.18
PICKUP,4,4,1.268
SEDAN,22,3,0.911
SUV,20,6,1.612
SUV,6,2,1.147
SUV,2,4,1.105
SEDAN,8,1,1.198
PICKUP,8,0,1.71
XE_MAY,16,5,0.765
SEDAN,15,1,1.172
PICKUP,18,2,1.432
SUV,18,3,1.238
XE_MAY,10,5,0.789
XE_MAY,20,2,0.486
XE_MAY,5,3,0.455
PICKUP,10,2,1.661
XE_MAY,5,2,0.438
SUV,5,3,1.132
SEDAN,0,3,0.886
PICKUP,18,4,1.39
PICKUP,23,3,1.228
PICKUP,7,2,1.37
SUV,19,2,1.235
PICKUP,21,3,1.229
SUV,1,1,1.153
XE_MAY,13,3,0.485
SUV,18,3,1.249
XE_MAY,5,4,0.44
SEDAN,9,4,1.186
SEDAN,18,6,1.333
SEDAN,4,5,1.146
SUV,1,0,1.156
SUV,4,6,1.437
SUV,14,3,1.268
SEDAN,14,0,1.003
SEDAN,6,1,0.921
SUV,9,0,1.505
SEDAN,7,6,1.303
SEDAN,13,0,0.982
SEDAN,4,5,1.147
SUV,0,3,1.153
SEDAN,11,0,0.99
PICKUP,17,5,2.167
PICKUP,22,1,1.28
PICKUP,21,3,1.248
PICKUP,22,1,1.294
XE_MAY,12,1,0.507
SUV,4,3,1.132
SUV,9,6,1.995
PICKUP,19,3,1.362
XE_MAY,11,3,0.493
XE_MAY,7,4,0.499
SEDAN,7,2,0.984
SUV,10,4,1.522
XE_MAY,19,4,0.513
PICKUP,2,5,1.631
SEDAN,4,3,0.891
SEDAN,1,1,0.925
SUV,13,0,1.246
SUV,12,5,1.624
SEDAN,13,1,0.991
SUV,9,3,1.537
PICKUP,1,2,1.265
PICKUP,5,1,1.28
PICKUP,21,4,1.284
XE_MAY,14,6,0.644
XE_MAY,11,5,0.647
XE_MAY,20,6,0.664
PICKUP,0,1,1.25
SUV,4,4,1.145
PICKUP,21,3,1.293
XE_MAY,15,5,0.786
PICKUP,13,6,1.846
XE_MAY,9,3,0.611
SUV,23,5,1.493
XE_MAY,19,6,0.646
PICKUP,16,2,1.635
PICKUP,22,2,1.253
SUV,3,6,1.478
SEDAN,13,4,0.997
PICKUP,21,0,1.279
SEDAN,0,2,0.892
SUV,6,4,1.134
PICKUP,13,0,1.374
PICKUP,9,0,1.705
XE_MAY,15,3,0.602
SUV,1,4,1.105
SUV,8,3,1.481
SUV,21,2,1.142
XE_MAY,17,2,0.599
SEDAN,9,2,1.18
PICKUP,0,3,1.295
SUV,9,5,1.975
XE_MAY,19,0,0.514
SUV,23,0,1.12
PICKUP,7,1,1.398
XE_MAY,17,0,0.614
SEDAN,23,1,0.901
PICKUP,13,2,1.417
SUV,14,5,1.601
SEDAN,23,6,1.166
PICKUP,1,0,1.232
SUV,11,0,1.228
SEDAN,19,5,1.261
XE_MAY,12,4,0.486
XE_MAY,10,5,0.802
SUV,13,3,1.231
XE_MAY,5,5,0.591
SUV,23,5,1.492
XE_MAY,13,0,0.502
SEDAN,18,2,0.979
SUV,19,4,1.267
SEDAN,22,6,1.177
XE_MAY,11,4,0.507
PICKUP,6,6,1.665
PICKUP,8,5,2.246
SEDAN,8,4,1.205
XE_MAY,19,3,0.495
SEDAN,21,2,0.908
SUV,0,3,1.096
SEDAN,0,6,1.198
PICKUP,21,1,1.231
SUV,8,3,1.485
SUV,3,1,1.146
SEDAN,0,5,1.177
